"Time","{__name__=""http_server_requests_seconds_count"", application=""FEEDSERVICE"", error=""CompletionException"", exception=""CompletionException"", exported_application=""feedservice"", instance=""10.1.221.146:8085"", job=""eureka"", method=""GET"", outcome=""SERVER_ERROR"", status=""500"", uri=""/error""}","{__name__=""http_server_requests_seconds_count"", application=""FEEDSERVICE"", error=""CompletionException"", exception=""CompletionException"", exported_application=""feedservice"", instance=""10.1.51.97:8085"", job=""eureka"", method=""GET"", outcome=""SERVER_ERROR"", status=""500"", uri=""/error""}","{__name__=""http_server_requests_seconds_count"", application=""FEEDSERVICE"", error=""CompletionException"", exception=""CompletionException"", exported_application=""feedservice"", instance=""10.1.59.71:8085"", job=""eureka"", method=""GET"", outcome=""SERVER_ERROR"", status=""500"", uri=""/error""}","{__name__=""http_server_requests_seconds_count"", application=""FEEDSERVICE"", error=""IOException"", exception=""IOException"", exported_application=""feedservice"", instance=""10.1.194.149:8085"", job=""eureka"", method=""GET"", outcome=""SUCCESS"", status=""200"", uri=""/feeds/{userId}""}","{__name__=""http_server_requests_seconds_count"", application=""FEEDSERVICE"", error=""IOException"", exception=""IOException"", exported_application=""feedservice"", instance=""10.1.194.156:8085"", job=""eureka"", method=""GET"", outcome=""SUCCESS"", status=""200"", uri=""/feeds/{userId}""}","{__name__=""http_server_requests_seconds_count"", application=""FEEDSERVICE"", error=""IOException"", exception=""IOException"", exported_application=""feedservice"", instance=""10.1.221.146:8085"", job=""eureka"", method=""GET"", outcome=""SERVER_ERROR"", status=""503"", uri=""/error""}","{__name__=""http_server_requests_seconds_count"", application=""FEEDSERVICE"", error=""IllegalArgumentException"", exception=""IllegalArgumentException"", exported_application=""feedservice"", instance=""10.1.51.97:8085"", job=""eureka"", method=""GET"", outcome=""SERVER_ERROR"", status=""500"", uri=""/error""}","{__name__=""http_server_requests_seconds_count"", application=""FEEDSERVICE"", error=""IllegalArgumentException"", exception=""IllegalArgumentException"", exported_application=""feedservice"", instance=""10.1.59.71:8085"", job=""eureka"", method=""GET"", outcome=""SERVER_ERROR"", status=""500"", uri=""/error""}","{__name__=""http_server_requests_seconds_count"", application=""FEEDSERVICE"", error=""IllegalArgumentException"", exception=""IllegalArgumentException"", exported_application=""feedservice"", instance=""10.1.59.89:8085"", job=""eureka"", method=""GET"", outcome=""SERVER_ERROR"", status=""500"", uri=""/error""}","{__name__=""http_server_requests_seconds_count"", application=""FEEDSERVICE"", error=""UncategorizedAmqpException"", exception=""UncategorizedAmqpException"", exported_application=""feedservice"", instance=""10.1.194.188:8085"", job=""eureka"", method=""GET"", outcome=""SERVER_ERROR"", status=""500"", uri=""/error""}","{__name__=""http_server_requests_seconds_count"", application=""GATEWAY"", error=""AbortedException"", exception=""AbortedException"", exported_application=""gateway"", instance=""10.1.221.138:8080"", job=""eureka"", method=""GET"", outcome=""UNKNOWN"", status=""200"", uri=""UNKNOWN""}","{__name__=""http_server_requests_seconds_count"", application=""GATEWAY"", error=""AnnotatedConnectException"", exception=""AnnotatedConnectException"", exported_application=""gateway"", instance=""10.1.194.169:8080"", job=""eureka"", method=""GET"", outcome=""SERVER_ERROR"", status=""500"", uri=""UNKNOWN""}","{__name__=""http_server_requests_seconds_count"", application=""GATEWAY"", error=""AnnotatedConnectException"", exception=""AnnotatedConnectException"", exported_application=""gateway"", instance=""10.1.194.169:8080"", job=""eureka"", method=""POST"", outcome=""SERVER_ERROR"", status=""500"", uri=""UNKNOWN""}","{__name__=""http_server_requests_seconds_count"", application=""GATEWAY"", error=""AnnotatedConnectException"", exception=""AnnotatedConnectException"", exported_application=""gateway"", instance=""10.1.194.169:8080"", job=""eureka"", method=""PUT"", outcome=""SERVER_ERROR"", status=""500"", uri=""UNKNOWN""}","{__name__=""http_server_requests_seconds_count"", application=""GATEWAY"", error=""AnnotatedConnectException"", exception=""AnnotatedConnectException"", exported_application=""gateway"", instance=""10.1.221.138:8080"", job=""eureka"", method=""GET"", outcome=""SERVER_ERROR"", status=""500"", uri=""UNKNOWN""}","{__name__=""http_server_requests_seconds_count"", application=""GATEWAY"", error=""AnnotatedConnectException"", exception=""AnnotatedConnectException"", exported_application=""gateway"", instance=""10.1.221.138:8080"", job=""eureka"", method=""POST"", outcome=""SERVER_ERROR"", status=""500"", uri=""UNKNOWN""}","{__name__=""http_server_requests_seconds_count"", application=""GATEWAY"", error=""AnnotatedConnectException"", exception=""AnnotatedConnectException"", exported_application=""gateway"", instance=""10.1.221.138:8080"", job=""eureka"", method=""PUT"", outcome=""SERVER_ERROR"", status=""500"", uri=""UNKNOWN""}","{__name__=""http_server_requests_seconds_count"", application=""GATEWAY"", error=""ConnectTimeoutException"", exception=""ConnectTimeoutException"", exported_application=""gateway"", instance=""10.1.194.169:8080"", job=""eureka"", method=""GET"", outcome=""SERVER_ERROR"", status=""500"", uri=""UNKNOWN""}","{__name__=""http_server_requests_seconds_count"", application=""GATEWAY"", error=""ConnectTimeoutException"", exception=""ConnectTimeoutException"", exported_application=""gateway"", instance=""10.1.194.169:8080"", job=""eureka"", method=""POST"", outcome=""SERVER_ERROR"", status=""500"", uri=""UNKNOWN""}","{__name__=""http_server_requests_seconds_count"", application=""GATEWAY"", error=""ConnectTimeoutException"", exception=""ConnectTimeoutException"", exported_application=""gateway"", instance=""10.1.194.169:8080"", job=""eureka"", method=""PUT"", outcome=""SERVER_ERROR"", status=""500"", uri=""UNKNOWN""}","{__name__=""http_server_requests_seconds_count"", application=""GATEWAY"", error=""ConnectTimeoutException"", exception=""ConnectTimeoutException"", exported_application=""gateway"", instance=""10.1.221.138:8080"", job=""eureka"", method=""GET"", outcome=""SERVER_ERROR"", status=""500"", uri=""UNKNOWN""}","{__name__=""http_server_requests_seconds_count"", application=""GATEWAY"", error=""ConnectTimeoutException"", exception=""ConnectTimeoutException"", exported_application=""gateway"", instance=""10.1.221.138:8080"", job=""eureka"", method=""POST"", outcome=""SERVER_ERROR"", status=""500"", uri=""UNKNOWN""}","{__name__=""http_server_requests_seconds_count"", application=""GATEWAY"", error=""ConnectTimeoutException"", exception=""ConnectTimeoutException"", exported_application=""gateway"", instance=""10.1.221.138:8080"", job=""eureka"", method=""PUT"", outcome=""SERVER_ERROR"", status=""500"", uri=""UNKNOWN""}","{__name__=""http_server_requests_seconds_count"", application=""POSTSERVICE"", error=""IOException"", exception=""IOException"", exported_application=""postservice"", instance=""10.1.59.103:8082"", job=""eureka"", method=""GET"", outcome=""SUCCESS"", status=""200"", uri=""/posts""}","{__name__=""http_server_requests_seconds_count"", application=""USERSERVICE"", error=""IOException"", exception=""IOException"", exported_application=""userservice"", instance=""10.1.221.159:8081"", job=""eureka"", method=""POST"", outcome=""SUCCESS"", status=""200"", uri=""/users/search""}"
2024-08-10 17:34:05,,,,,,,,,,,,,,,,,,1,,,,,,,
2024-08-10 17:34:10,,,,,,,,,,,,,,,,,,1,,,,,,,
2024-08-10 17:34:15,,,,,,,,,,,,,,,,,,1,,,,,,,
2024-08-10 17:34:20,,,,,,,,,,,,,,,,,,1,1,,,,,,
2024-08-10 17:34:25,,,,,,,,,,,,,,,,,,1,1,,,1,,,
2024-08-10 17:34:30,,,,,,,,,,,,,,,,,,1,1,,,1,,,
2024-08-10 17:34:35,,,,,,,,,,,,,,,,,,2,2,,,1,,,
2024-08-10 17:34:40,,,,,,,,,,,,,,,,,,2,2,,,1,,,
2024-08-10 17:34:45,,,,,,,,,,,,,,,,,,2,2,,,1,,,
2024-08-10 17:34:50,,,,,,,,,,,,,,,,,,2,2,,,1,,,
2024-08-10 17:34:55,,,,,,,,,,,,,,,,,,2,2,,1,1,,,
2024-08-10 17:35:00,,,,,,,,,,,,,,,,,,2,2,,1,1,,,
2024-08-10 17:35:05,,,,,,,,,,,,,,,,,,2,2,,1,1,,,
2024-08-10 17:35:10,,,,,,,,,,,,,,,,1,2,2,2,,2,1,1,,
2024-08-10 17:35:15,,,,,,,,,,,,,,,,1,2,2,2,,2,1,1,,
2024-08-10 17:35:20,,,,,,,,,,,,1,,1,,1,2,2,2,2,2,1,1,,
2024-08-10 17:35:25,,,,,,,,,,,,1,,1,,1,2,2,2,2,2,2,5,,
2024-08-10 17:35:30,,,,,,,,,,,,1,,1,,1,2,2,2,2,2,2,5,,
2024-08-10 17:35:35,,,,,,,,,,,,1,,1,,1,2,2,3,3,2,2,5,,
2024-08-10 17:35:40,,,,,,,,,,,,1,,1,,1,2,2,3,3,2,3,6,,
2024-08-10 17:35:45,,,,,,,,,,,,1,,1,,1,2,2,3,3,2,3,6,,
2024-08-10 17:35:50,,,,,,,,,,,,1,,1,,1,2,2,3,3,2,3,6,,
2024-08-10 17:35:55,,,,,,,,,,,,1,,1,,1,2,2,3,3,2,3,6,,
2024-08-10 17:36:00,,,,,,,,,,,,1,,1,,1,2,2,3,3,2,3,6,,
2024-08-10 17:36:05,,,,,,,,,,,,1,,1,,1,2,2,3,3,2,3,6,,
2024-08-10 17:36:10,,,,,,,,,,,,1,,1,,1,2,2,3,3,2,3,6,,
2024-08-10 17:36:15,,,,,,,,,,,,1,,1,,1,2,2,3,3,2,3,6,,
2024-08-10 17:36:20,,,,,,,,,,,,1,,1,,1,2,2,3,3,2,3,6,,
2024-08-10 17:36:25,,,,,,,,,,,,1,,1,,1,2,2,3,3,2,3,6,,
2024-08-10 17:36:30,,,,,,,,,,,,1,,1,,1,2,2,3,3,2,3,6,,
2024-08-10 17:36:35,,,,,,,,,,,,1,,1,,1,2,2,3,3,2,3,6,,
2024-08-10 17:36:40,,,,,,,,,,,,1,,1,,1,2,2,3,3,2,3,6,,
2024-08-10 17:36:45,,,,,,,,,,,,1,,1,,1,2,2,3,3,2,3,6,,
2024-08-10 17:36:50,,,,,,,,,,,,1,,1,,1,2,2,3,3,2,3,6,,
2024-08-10 17:36:55,,,,,,,,,,,,1,,1,,1,2,2,3,3,2,3,6,,
2024-08-10 17:37:00,,,,,,,,,,,,1,,1,,1,2,2,3,3,2,3,6,,
2024-08-10 17:37:05,,,,,,,,,,,,1,2,1,,1,2,2,3,3,2,3,6,,
2024-08-10 17:37:10,,,,,,,,,,,,1,2,1,,1,2,2,3,3,2,4,6,,
2024-08-10 17:37:15,,,,,,,,,,,,1,2,1,,1,2,2,3,3,2,4,6,,
2024-08-10 17:37:20,,,,,,,,,,,,1,2,1,,1,2,3,3,3,2,4,6,,
2024-08-10 17:37:25,,,,,,,,,,,,1,2,1,,1,2,3,3,3,2,6,6,,
2024-08-10 17:37:30,,,,,,,,,,,,1,2,1,,1,2,3,3,3,2,6,6,,
2024-08-10 17:37:35,,,,,,,,,,,,1,2,1,,1,2,3,3,3,2,6,6,,
2024-08-10 17:37:40,,,,,,,,,,,,1,2,1,,1,2,3,3,3,3,7,6,,
2024-08-10 17:37:45,,,,,,,,,,,,1,2,1,,1,2,3,3,3,3,7,6,,
2024-08-10 17:37:50,,,,,,,,,,,,1,2,1,,1,2,5,3,3,3,7,6,,
2024-08-10 17:37:55,,,,,,,,,,,,1,2,1,,1,2,5,3,3,3,8,6,,
2024-08-10 17:38:00,,,,,,,,,,,,1,2,1,,1,2,5,3,3,3,8,6,,
2024-08-10 17:38:05,,,,,,,,,,,,1,2,1,,1,2,5,3,3,3,8,6,,
2024-08-10 17:38:10,,,,,,,,,,,,1,2,1,,1,2,5,3,3,3,8,6,,
2024-08-10 17:38:15,,,,,,,,,,,,1,2,1,,1,2,5,3,3,3,8,6,,
2024-08-10 17:38:20,,,,,,,,,,,,1,2,1,,1,2,5,3,3,3,8,6,,
2024-08-10 17:38:25,,,,,,,,,,,,1,2,1,,1,2,5,3,3,3,8,6,,
2024-08-10 17:38:30,,,,,,,,,,,,1,2,1,,1,2,5,3,3,3,8,6,,
2024-08-10 17:38:35,,,,,,,,,,,,1,2,1,,1,2,5,3,3,3,8,6,,
2024-08-10 17:38:40,,,,,,,,,,,,1,2,1,,1,2,5,3,3,3,8,6,,
2024-08-10 17:38:45,,,,,,,,,,,,1,2,1,,1,2,5,3,3,3,8,6,,
2024-08-10 17:38:50,,,,,,,,,,,,1,2,1,,1,2,5,3,3,3,8,6,,
2024-08-10 17:38:55,,,,,,,,,,,,1,2,1,,1,2,5,3,3,3,8,6,,
2024-08-10 17:39:00,,,,,,,,,,,,1,2,1,,1,2,5,3,3,3,8,6,,
2024-08-10 17:39:05,,,,,,,,,,,,1,2,1,,1,2,5,3,3,3,8,6,,
2024-08-10 17:39:10,,,,,,,,,,,,1,2,1,,1,2,5,3,3,3,8,6,,
2024-08-10 17:39:15,,,,,,,,,,,,1,2,1,,1,2,5,3,3,3,8,6,,
2024-08-10 17:39:20,,,,,,,,,,,,1,2,1,,1,2,5,3,3,3,8,6,,
2024-08-10 17:39:25,,,,,,,,,,,,1,2,1,,1,2,5,3,3,3,8,6,,
2024-08-10 17:39:30,,,,,,,,,,,,1,2,1,,1,2,5,3,3,3,8,6,,
2024-08-10 17:39:35,,,,,,,,,,,,1,2,1,,1,2,5,3,3,3,8,6,,
2024-08-10 17:39:40,,,,,,,,,,,,1,2,1,,1,2,5,3,3,3,8,6,,
2024-08-10 17:39:45,,,,,,,,,,,,1,2,1,,1,2,5,3,3,3,8,6,,
2024-08-10 17:39:50,,,,,,,,,,,,3,2,1,,1,2,6,3,3,3,8,6,,
2024-08-10 17:39:55,,,,,,,,,,,,3,2,1,,1,2,6,3,3,4,8,6,,
2024-08-10 17:40:00,,,,,,,,,,,,3,2,1,,1,2,6,3,3,4,8,6,,
2024-08-10 17:40:05,,,,,,,,,,,,3,2,1,,1,2,6,3,3,4,8,6,,
2024-08-10 17:40:10,,,,,,,,,,,,3,2,1,,1,2,6,3,3,6,8,6,,
2024-08-10 17:40:15,,,,,,,,,,,,3,2,1,,1,2,6,3,3,6,8,6,,
2024-08-10 17:40:20,,,,,,,,,,,,4,2,2,,1,2,7,3,5,6,8,6,,
2024-08-10 17:40:25,,,,,,,,,,,,4,2,2,,1,2,7,3,5,7,9,6,,
2024-08-10 17:40:30,,,,,,,,,,,,4,2,2,,1,2,7,3,5,7,9,6,,
2024-08-10 17:40:35,,,,,,,,,,,,4,2,2,,1,2,8,4,7,7,9,6,,
2024-08-10 17:40:40,,,,,,,,,,,,4,2,2,,1,2,8,4,7,7,13,6,,
2024-08-10 17:40:45,,,,,,,,,,,,4,2,2,,1,2,8,4,7,7,13,6,,
2024-08-10 17:40:50,,,,,,,,,,,,4,2,2,,1,2,8,4,9,7,13,6,,
2024-08-10 17:40:55,,,,,,,,,,,,4,2,2,,1,2,8,4,9,7,14,6,,
2024-08-10 17:41:00,,,,,,,,,,,,4,2,2,,1,2,8,4,9,7,14,6,,
2024-08-10 17:41:05,,,,,,,,,,,,4,2,2,,1,2,9,4,11,7,14,6,,
2024-08-10 17:41:10,,,,,,,,,,,,4,2,2,,1,2,9,4,11,8,14,7,,
2024-08-10 17:41:15,,,,,,,,,,,,4,2,2,,1,2,9,4,11,8,14,7,,
2024-08-10 17:41:20,,,,,,,,,,,,4,2,2,,1,2,10,4,12,8,14,7,,
2024-08-10 17:41:25,,,,,,,,,,,,4,2,2,,1,2,10,4,12,8,14,7,,
2024-08-10 17:41:30,,,,,,,,,,,,4,2,2,,1,2,10,4,12,8,14,7,,
2024-08-10 17:41:35,,,,,,,,,,,,4,2,2,,1,2,10,4,12,8,14,7,,
2024-08-10 17:41:40,,,,,,,,,,,,4,2,2,,1,2,10,4,12,8,14,7,,
2024-08-10 17:41:45,,,,,,,,,,,,4,2,2,,1,2,10,4,12,8,14,7,,
2024-08-10 17:41:50,,,,,,,,,,,,4,2,2,,1,2,10,4,12,8,14,7,,
2024-08-10 17:41:55,,,,,,,,,,,,4,2,2,,1,2,10,4,12,8,14,7,,
2024-08-10 17:42:00,,,,,,,,,,,,4,2,2,,1,2,10,4,12,8,14,7,,
2024-08-10 17:42:05,,,,,,,,,,,,4,2,2,,1,2,10,4,12,8,14,7,,
2024-08-10 17:42:10,,,,,,,,,,,,4,2,2,,1,2,10,4,12,8,14,7,,
2024-08-10 17:42:15,,,,,,,,,,,,4,2,2,,1,2,10,4,12,8,14,7,,
2024-08-10 17:42:20,,,,,,,,,,,,4,2,2,,1,2,10,4,12,8,14,7,,
2024-08-10 17:42:25,,,,,,,,,,,,4,2,2,,1,2,10,4,12,8,14,7,,
2024-08-10 17:42:30,,,,,,,,,,,,4,2,2,,1,2,10,4,12,8,14,7,,
2024-08-10 17:42:35,,,,,,,,,,,,4,2,2,,1,2,10,4,12,8,14,7,,
2024-08-10 17:42:40,,,,,,,,,,,,4,2,2,,1,2,10,4,12,8,14,7,,
2024-08-10 17:42:45,,,,,,,,,,,,4,2,2,,1,2,10,4,12,8,14,7,,
2024-08-10 17:42:50,,,,,,,,,,,,4,2,2,,1,2,10,4,12,8,14,7,,
2024-08-10 17:42:55,,,,,,,,,,,,4,2,2,,1,2,10,4,12,8,14,7,,
2024-08-10 17:43:00,,,,,,,,,,,,4,2,2,,1,2,10,4,12,8,14,7,,
2024-08-10 17:43:05,,,,,,,,,,,,4,2,2,,1,2,10,4,12,8,14,7,,
2024-08-10 17:43:10,,,,,,,,,,,,4,2,2,,1,2,10,4,12,8,14,7,,
2024-08-10 17:43:15,,,,,,,,,,,,4,2,2,,1,2,10,4,12,8,14,7,,
2024-08-10 17:43:20,,,,,,,,,,,,4,2,2,,1,2,10,4,12,8,14,7,,
2024-08-10 17:43:25,,,,,,,,,,,,4,2,2,,1,2,10,4,12,8,14,7,,
2024-08-10 17:43:30,,,,,,,,,,,,4,2,2,,1,2,10,4,12,8,14,7,,
2024-08-10 17:43:35,,,,,,,,,,,,4,2,2,,1,2,10,4,12,8,14,7,,
2024-08-10 17:43:40,,,,,,,,,,,,4,2,2,,1,2,10,4,12,8,14,7,,
2024-08-10 17:43:45,,,,,,,,,,,,4,2,2,,1,2,10,4,12,8,14,7,,
2024-08-10 17:43:50,,,,,,,,,,,,4,2,2,,1,2,10,4,12,8,14,7,,
2024-08-10 17:43:55,,,,,,,,,,,,4,2,2,,1,2,10,4,12,8,14,7,,
2024-08-10 17:44:00,,,,,,,,,,,,4,2,2,,1,2,10,4,12,8,14,7,,
2024-08-10 17:44:05,,,,,,,,,,,,4,2,2,,1,2,10,4,12,8,14,7,,
2024-08-10 17:44:10,,,,,,,,,,,,4,2,2,,1,2,10,4,12,8,14,7,,
2024-08-10 17:44:15,,,,,,,,,,,,4,2,2,,1,2,10,4,12,8,14,7,,
2024-08-10 17:44:20,,,,,,,,,,,,4,2,2,,1,2,10,4,12,8,14,7,,
2024-08-10 17:44:25,,,,,,,,,,,,4,2,2,,1,2,10,4,12,8,14,7,,
2024-08-10 17:44:30,,,,,,,,,,,,4,2,2,,1,2,10,4,12,8,14,7,,
2024-08-10 17:44:35,,,,,,,,,,,,4,2,2,,1,2,10,4,12,8,14,7,,
2024-08-10 17:44:40,,,,,,,,,,,,4,2,2,,1,2,10,4,12,8,14,7,,
2024-08-10 17:44:45,,,,,,,,,,,,4,2,2,,1,2,10,4,12,8,14,7,,
2024-08-10 17:44:50,,,,,,,,,,,,4,2,2,,1,2,10,4,12,8,14,7,,
2024-08-10 17:44:55,,,,,,,,,,,,4,2,2,,1,2,10,4,12,8,14,7,,
2024-08-10 17:45:00,,,,,,,,,,,,4,2,2,,1,2,10,4,12,8,14,7,,
2024-08-10 17:45:05,,,,,,,,,,,,4,2,2,,1,2,10,4,12,8,14,7,,
2024-08-10 17:45:10,,,,,,,,,,,,4,2,2,,1,2,10,4,12,8,14,7,,
2024-08-10 17:45:15,,,,,,,,,,,,4,2,2,,1,2,10,4,12,8,14,7,,
2024-08-10 17:45:20,,,,,,,,,,,,4,2,2,,1,2,10,4,12,8,14,7,,
2024-08-10 17:45:25,,,,,,,,,,,,4,2,2,,1,2,10,4,12,8,14,7,,
2024-08-10 17:45:30,,,,,,,,,,,,4,2,2,,1,2,10,4,12,8,14,7,,
2024-08-10 17:45:35,,,,,,,,,,,,4,2,2,,1,2,10,4,12,8,14,7,,
2024-08-10 17:45:40,,,,,,,,,,,,4,2,2,,1,2,10,4,12,8,14,7,,
2024-08-10 17:45:45,,,,,,,,,,,,4,2,2,,1,2,10,4,12,8,14,7,,
2024-08-10 17:45:50,,,,,,,,,,,,4,2,2,,1,2,10,4,12,8,14,7,,
2024-08-10 17:45:55,,,,,,,,,,,,4,2,2,,1,2,10,4,12,8,14,7,,
2024-08-10 17:46:00,,,,,,,,,,,,4,2,2,,1,2,10,4,12,8,14,7,,
2024-08-10 17:46:05,,,,,,,,,,,,4,2,2,,1,2,10,4,12,8,14,7,,
2024-08-10 17:46:10,,,,,,,,,,,,4,2,2,,1,2,10,4,12,8,14,7,,
2024-08-10 17:46:15,,,,,,,,,,,,4,2,2,,1,2,10,4,12,8,14,7,,
2024-08-10 17:46:20,,,,,,,,,,,,4,2,2,,1,2,10,4,12,8,14,7,,
2024-08-10 17:46:25,,,,,,,,,,,,4,2,2,,1,2,10,4,12,8,14,7,,
2024-08-10 17:46:30,,,,,,,,,,,,4,2,2,,1,2,10,4,12,8,14,7,,
2024-08-10 17:46:35,,,,,,,,,,,,4,2,2,,1,2,10,4,12,8,14,7,,
2024-08-10 17:46:40,,,,,,,,,,,,4,2,2,,1,2,10,4,12,8,14,7,,
2024-08-10 17:46:45,,,,,,,,,,,,4,2,2,,1,2,10,4,12,8,14,7,,
2024-08-10 17:46:50,,,,,,,,,,,,4,2,2,,1,2,10,4,12,8,14,7,,
2024-08-10 17:46:55,,,,,,,,,,,,4,2,2,,1,2,10,4,12,8,14,7,,
2024-08-10 17:47:00,,,,,,,,,,,,4,2,2,,1,2,10,4,12,8,14,7,,
2024-08-10 17:47:05,,,,,,,,,,,,4,2,2,,1,2,10,4,12,8,14,7,,
2024-08-10 17:47:10,,,,,,,,,,,,4,2,2,,1,2,10,4,12,8,14,7,,
2024-08-10 17:47:15,,,,,,,,,,,,4,2,2,,1,2,10,4,12,8,14,7,,
2024-08-10 17:47:20,,,,,,,,,,,,4,2,2,,1,2,10,4,12,8,14,7,,
2024-08-10 17:47:25,,,,,,,,,,,,4,2,2,,1,2,10,4,12,8,14,7,,
2024-08-10 17:47:30,,,,,,,,,,,,4,2,2,,1,2,10,4,12,8,14,7,,
2024-08-10 17:47:35,,,,,,,,,,,,4,2,2,,1,2,10,4,12,8,14,7,,
2024-08-10 17:47:40,,,,,,,,,,,,4,2,2,,1,2,10,4,12,8,14,7,,
2024-08-10 17:47:45,,,,,,,,,,,,4,2,2,,1,2,10,4,12,8,14,7,,
2024-08-10 17:47:50,,,,,,,,,,,,4,2,2,,1,2,10,4,12,8,14,7,,
2024-08-10 17:47:55,,,,,,,,,,,,4,2,2,,1,2,10,4,12,8,14,7,,
2024-08-10 17:48:00,,,,,,,,,,,,4,2,2,,1,2,10,4,12,8,14,7,,
2024-08-10 17:48:05,,,,,,,,,,,,4,2,2,,1,2,10,4,12,8,14,7,,
2024-08-10 17:48:10,,,,,,,,,,,,4,2,2,,1,2,10,4,12,8,14,7,,
2024-08-10 17:48:15,,,,,,,,,,,,4,2,2,,1,2,10,4,12,8,14,7,,
2024-08-10 17:48:20,,,,,,,,,,,,4,2,2,,1,2,10,4,12,8,14,7,,
2024-08-10 17:48:25,,,,,,,,,,,,4,2,2,,1,2,10,4,12,8,14,7,,
2024-08-10 17:48:30,,,,,,,,,,,,4,2,2,,1,2,10,4,12,8,14,7,,
2024-08-10 17:48:35,,,,,,,,,,,,4,2,2,,1,2,10,4,12,8,14,7,,
2024-08-10 17:48:40,,,,,,,,,,,,4,2,2,,1,2,10,4,12,8,14,7,,
2024-08-10 17:48:45,,,,,,,,,,,,4,2,2,,1,2,10,4,12,8,14,7,,
2024-08-10 17:48:50,,,,,,,,,,,,4,2,2,,1,2,10,4,12,8,14,7,,
2024-08-10 17:48:55,,,,,,,,,,,,4,2,2,,1,2,10,4,12,8,14,7,,
2024-08-10 17:49:00,,,,,,,,,,,,4,2,2,,1,2,10,4,12,8,14,7,,
2024-08-10 17:49:05,,,,,,,,,,,,4,2,2,,1,2,10,4,12,8,14,7,,
2024-08-10 17:49:10,,,,,,,,,,,,4,2,2,,1,2,10,4,12,8,14,7,,
2024-08-10 17:49:15,,,,,,,,,,,,4,2,2,,1,2,10,4,12,8,14,7,,
2024-08-10 17:49:20,,,,,,,,,,,,4,2,2,,1,2,10,4,12,8,14,7,,
2024-08-10 17:49:25,,,,,,,,,,,,4,2,2,,1,2,10,4,12,8,14,7,,
2024-08-10 17:49:30,,,,,,,,,,,,4,2,2,,1,2,10,4,12,8,14,7,,
2024-08-10 17:49:35,,,,,,,,,,,,4,2,2,,1,2,10,4,12,8,14,7,,
2024-08-10 17:49:40,,,,,,,,,,,,4,2,2,,1,2,10,4,12,8,14,7,,
2024-08-10 17:49:45,,,,,,,,,,,,4,2,2,,1,2,10,4,12,8,14,7,,
2024-08-10 17:49:50,,,,,,,,,,,,4,2,2,,1,2,10,4,12,8,14,7,,
2024-08-10 17:49:55,,,,,,,,,,,,4,2,2,,1,2,10,4,12,8,14,7,,
2024-08-10 17:50:00,,,,,,,,,,,,4,2,2,,1,2,10,4,12,8,14,7,,
2024-08-10 17:50:05,,,,,,,,,,,,4,2,2,,1,2,10,4,12,8,14,7,,
2024-08-10 17:50:10,,,,,,,,,,,,4,2,2,,1,2,10,4,12,8,14,7,,
2024-08-10 17:50:15,,,,,,,,,,,,4,2,2,,1,2,10,4,12,8,14,7,,
2024-08-10 17:50:20,,,,,,,,,,,,4,2,2,,1,2,10,4,12,8,14,7,,
2024-08-10 17:50:25,,,,,,,,,,,,4,2,2,,1,2,10,4,12,8,14,7,,
2024-08-10 17:50:30,,,,,,,,,,,,4,2,2,,1,2,10,4,12,8,14,7,,
2024-08-10 17:50:35,,,,,,,,,,,,4,2,2,,1,2,10,4,12,8,14,7,,
2024-08-10 17:50:40,,,,,,,,,,,,4,2,2,,1,2,10,4,12,8,14,7,,
2024-08-10 17:50:45,,,,,,,,,,,,4,2,2,,1,2,10,4,12,8,14,7,,
2024-08-10 17:50:50,,,,,,,,,,,,4,2,2,,1,2,10,4,12,8,14,7,,
2024-08-10 17:50:55,,,,,,,,,,,,4,2,2,,1,2,10,4,12,8,14,7,,
2024-08-10 17:51:00,,,,,,,,,,,,4,2,2,,1,2,10,4,12,8,14,7,,
2024-08-10 17:51:05,,,,,,,,,,,,4,2,2,,1,2,10,4,12,8,14,7,,
2024-08-10 17:51:10,,,,,,,,,,,,4,2,2,,1,2,10,4,12,8,14,7,,
2024-08-10 17:51:15,,,,,,,,,,,,4,2,2,,1,2,10,4,12,8,14,7,,
2024-08-10 17:51:20,,,,,,,,,,,,4,2,2,,1,2,10,4,12,8,14,7,,
2024-08-10 17:51:25,,,,,,,,,,,,4,2,2,,1,2,10,4,12,8,14,7,,
2024-08-10 17:51:30,,,,,,,,,,,,4,2,2,,1,2,10,4,12,8,14,7,,
2024-08-10 17:51:35,,,,,,,,,,,,4,2,2,,1,2,10,4,12,8,14,7,,
2024-08-10 17:51:40,,,,,,,,,,,,4,2,2,,1,2,10,4,12,8,14,7,,
2024-08-10 17:51:45,,,,,,,,,,,,4,2,2,,1,2,10,4,12,8,14,7,,
2024-08-10 17:51:50,,,,,,,,,,,,4,2,2,,1,2,10,4,12,8,14,7,,
2024-08-10 17:51:55,,,,,,,,,,,,4,2,2,,1,2,10,4,12,8,14,7,,
2024-08-10 17:52:00,,,,,,,,,,,,4,2,2,,1,2,10,4,12,8,14,7,,
2024-08-10 17:52:05,,,,,,,,,,,,4,2,2,,1,2,10,4,12,8,14,7,,
2024-08-10 17:52:10,,,,,,,,,,,,4,2,2,,1,2,10,4,12,8,14,7,,
2024-08-10 17:52:15,,,,,,,,,,,,4,2,2,,1,2,10,4,12,8,14,7,,
2024-08-10 17:52:20,,,,,,,,,,,,4,2,2,,1,2,10,4,12,8,14,7,,
2024-08-10 17:52:25,,,,,,,,,,,,4,2,2,,1,2,10,4,12,8,14,7,,
2024-08-10 17:52:30,,,,,,,,,,,,4,2,2,,1,2,10,4,12,8,14,7,,
2024-08-10 17:52:35,,,,,,,,,,,,4,2,2,,1,2,10,4,12,8,14,7,,
2024-08-10 17:52:40,,,,,,,,,,,,4,2,2,,1,2,10,4,12,8,14,7,,
2024-08-10 17:52:45,,,,,,,,,,,,4,2,2,,1,2,10,4,12,8,14,7,,
2024-08-10 17:52:50,,,,,,,,,,,,4,2,2,,1,2,10,4,12,8,14,7,,
2024-08-10 17:52:55,,,,,,,,,,,,4,2,2,,1,2,10,4,12,8,14,7,,
2024-08-10 17:53:00,,,,,,,,,,,,4,2,2,,1,2,10,4,12,8,14,7,,
2024-08-10 17:53:05,,,,,,,,,,,,4,2,2,,1,2,10,4,12,8,14,7,,
2024-08-10 17:53:10,,,,,,,,,,,,4,2,2,,1,2,10,4,12,8,14,7,,
2024-08-10 17:53:15,,,,,,,,,,,,4,2,2,,1,2,10,4,12,8,14,7,,
2024-08-10 17:53:20,,,,,,,,,,,,4,2,2,,1,2,10,4,12,8,14,7,,
2024-08-10 17:53:25,,,,,,,,,,,,4,2,2,,1,2,10,4,12,8,14,7,,
2024-08-10 17:53:30,,,,,,,,,,,,4,2,2,,1,2,10,4,12,8,14,7,,
2024-08-10 17:53:35,,,,,,,,,,,,4,2,2,,1,2,10,4,12,8,14,7,,
2024-08-10 17:53:40,,,,,,,,,,,,4,2,2,,1,2,10,4,12,8,14,7,,
2024-08-10 17:53:45,,,,,,,,,,,,4,2,2,,1,2,10,4,12,8,14,7,,
2024-08-10 17:53:50,,,,,,,,,,,,4,2,2,,1,2,10,4,12,8,14,7,,
2024-08-10 17:53:55,,,,,,,,,,,,4,2,2,,1,2,10,4,12,8,14,7,,
2024-08-10 17:54:00,,,,,,,,,,,,4,2,2,,1,2,10,4,12,8,14,7,,
2024-08-10 17:54:05,,,,,,,,,,,,4,2,2,,1,2,10,4,12,8,14,7,,
2024-08-10 17:54:10,,,,,,,,,,,,4,2,2,,1,2,10,4,12,8,14,7,,
2024-08-10 17:54:15,,,,,,,,,,,,4,2,2,,1,2,10,4,12,8,14,7,,
2024-08-10 17:54:20,,,,,,,,,,,,4,2,2,,1,2,10,4,12,8,14,7,,
2024-08-10 17:54:25,,,,,,,,,,,,4,2,2,,1,2,10,4,12,8,14,7,,
2024-08-10 17:54:30,,,,,,,,,,,,4,2,2,,1,2,10,4,12,8,14,7,,
2024-08-10 17:54:35,,,,,,,,,,,,4,2,2,,1,2,10,4,12,8,14,7,,
2024-08-10 17:54:40,,,,,,,,,,,,4,2,2,,1,2,10,4,12,8,14,7,,
2024-08-10 17:54:45,,,,,,,,,,,,4,2,2,,1,2,10,4,12,8,14,7,,
2024-08-10 17:54:50,,,,,,,,,,,,4,2,2,,1,2,10,4,12,8,14,7,,
2024-08-10 17:54:55,,,,,,,,,,,,4,2,2,,1,2,10,4,12,8,14,7,,
2024-08-10 17:55:00,,,,,,,,,,,,4,2,2,,1,2,10,4,12,8,14,7,,
2024-08-10 17:55:05,,,,,,,,,,,,4,2,2,,1,2,10,4,12,8,14,7,,
2024-08-10 17:55:10,,,,,,,,,,,,4,2,2,,1,2,10,4,12,8,14,7,,
2024-08-10 17:55:15,,,,,,,,,,,,4,2,2,,1,2,10,4,12,8,14,7,,
2024-08-10 17:55:20,,,,,,,,,,,,4,2,2,,1,2,10,4,12,8,14,7,,
2024-08-10 17:55:25,,,,,,,,,,,,4,2,2,,1,2,10,4,12,8,14,7,,
2024-08-10 17:55:30,,,,,,,,,,,,4,2,2,,1,2,10,4,12,8,14,7,,
2024-08-10 17:55:35,,,,,,,,,,,,4,2,2,,1,2,10,4,12,8,14,7,,
2024-08-10 17:55:40,,,,,,,,,,,,4,2,2,,1,2,10,4,12,8,14,7,,
2024-08-10 17:55:45,,,,,,,,,,,,4,2,2,,1,2,10,4,12,8,14,7,,
2024-08-10 17:55:50,,,,,,,,,,,,4,2,2,,1,2,10,4,12,8,14,7,,
2024-08-10 17:55:55,,,,,,,,,,,,4,2,2,,1,2,10,4,12,8,14,7,,
2024-08-10 17:56:00,,,,,,,,,,,,4,2,2,,1,2,10,4,12,8,14,7,,
2024-08-10 17:56:05,,,,,,,,,,,,4,2,2,,1,2,10,4,12,8,14,7,,
2024-08-10 17:56:10,,,,,,,,,,,,4,2,2,,1,2,10,4,12,8,14,7,,
2024-08-10 17:56:15,,,,,,,,,,,,4,2,2,,1,2,10,4,12,8,14,7,,
2024-08-10 17:56:20,,,,,,,,,,,,4,2,2,,1,2,10,4,12,8,14,7,,
2024-08-10 17:56:25,,,,,,,,,,,,4,2,2,,1,2,10,4,12,8,14,7,,
2024-08-10 17:56:30,,,,,,,,,,,,4,2,2,,1,2,10,4,12,8,14,7,,
2024-08-10 17:56:35,,,,,,,,,,,,4,2,2,,1,2,10,4,12,8,14,7,,
2024-08-10 17:56:40,,,,,,,,,,,,4,2,2,,1,2,10,4,12,8,14,7,,
2024-08-10 17:56:45,,,,,,,,,,,,4,2,2,,1,2,10,4,12,8,14,7,,
2024-08-10 17:56:50,,,,,,,,,,,,4,2,2,,1,2,10,4,12,8,14,7,,
2024-08-10 17:56:55,,,,,,,,,,,,4,2,2,,1,2,10,4,12,8,14,7,,
2024-08-10 17:57:00,,,,,,,,,,,,4,2,2,,1,2,10,4,12,8,14,7,,
2024-08-10 17:57:05,,,,,,,,,,,,4,2,2,,1,2,10,4,12,8,14,7,,
2024-08-10 17:57:10,,,,,,,,,,,,4,2,2,,1,2,10,4,12,8,14,7,,
2024-08-10 17:57:15,,,,,,,,,,,,4,2,2,,1,2,10,4,12,8,14,7,,
2024-08-10 17:57:20,,,,,,,,,,,,4,2,2,,1,2,10,4,12,8,14,7,,
2024-08-10 17:57:25,,,,,,,,,,,,4,2,2,,1,2,10,4,12,8,14,7,,
2024-08-10 17:57:30,,,,,,,,,,,,4,2,2,,1,2,10,4,12,8,14,7,,
2024-08-10 17:57:35,,,,,,,,,,,,4,2,2,,1,2,10,4,12,8,14,7,,
2024-08-10 17:57:40,,,,,,,,,,,,4,2,2,,1,2,10,4,12,8,14,7,,
2024-08-10 17:57:45,,,,,,,,,,,,4,2,2,,1,2,10,4,12,8,14,7,,
2024-08-10 17:57:50,,,,,,,,,,,,4,2,2,,1,2,10,4,12,8,14,7,,
2024-08-10 17:57:55,,,,,,,,,,,,4,2,2,,1,2,10,4,12,8,14,7,,
2024-08-10 17:58:00,,,,,,,,,,,,4,2,2,,1,2,10,4,12,8,14,7,,
2024-08-10 17:58:05,,,,,,,,,,,,4,2,2,,1,2,10,4,12,8,14,7,,
2024-08-10 17:58:10,,,,,,,,,,,,4,2,2,,1,2,10,4,12,8,14,7,,
2024-08-10 17:58:15,,,,,,,,,,,,4,2,2,,1,2,10,4,12,8,14,7,,
2024-08-10 17:58:20,,,,,,,,,,,,4,2,2,,1,2,10,4,12,8,14,7,,
2024-08-10 17:58:25,,,,,,,,,,,,4,2,2,,1,2,10,4,12,8,14,7,,
2024-08-10 17:58:30,,,,,,,,,,,,4,2,2,,1,2,10,4,12,8,14,7,,
2024-08-10 17:58:35,,,,,,,,,,,,4,2,2,,1,2,10,4,12,8,14,7,,
2024-08-10 17:58:40,,,,,,,,,,,,4,2,2,,1,2,10,4,12,8,14,7,,
2024-08-10 17:58:45,,,,,,,,,,,,4,2,2,,1,2,10,4,12,8,14,7,,
2024-08-10 17:58:50,,,,,,,,,,,,4,2,2,,1,2,10,4,12,8,14,7,,
2024-08-10 17:58:55,,,,,,,,,,,,4,2,2,,1,2,10,4,12,8,14,7,,
2024-08-10 17:59:00,,,,,,,,,,,,4,2,2,,1,2,10,4,12,8,14,7,,
2024-08-10 17:59:05,,,,,,,,,,,,4,2,2,,1,2,10,4,12,8,14,7,,
2024-08-10 17:59:10,,,,,,,,,,,,4,2,2,,1,2,10,4,12,8,14,7,,
2024-08-10 17:59:15,,,,,,,,,,,,4,2,2,,1,2,10,4,12,8,14,7,,
2024-08-10 17:59:20,,,,,,,,,,,,4,2,2,,1,2,10,4,12,8,14,7,,
2024-08-10 17:59:25,,,,,,,,,,,,4,2,2,,1,2,10,4,12,8,14,7,,
2024-08-10 17:59:30,,,,,,,,,,,,4,2,2,,1,2,10,4,12,8,14,7,,
2024-08-10 17:59:35,,,,,,,,,,,,4,2,2,,1,2,10,4,12,8,14,7,,
2024-08-10 17:59:40,,,,,,,,,,,,4,2,2,,1,2,10,4,12,8,14,7,,
2024-08-10 17:59:45,,,,,,,,,,,,4,2,2,,1,2,10,4,12,8,14,7,,
2024-08-10 17:59:50,,,,,,,,,,,,4,2,2,,1,2,10,4,12,8,14,7,,
2024-08-10 17:59:55,,,,,,,,,,,,4,2,2,,1,2,10,4,12,8,14,7,,
2024-08-10 18:00:00,,,,,,,,,,,,4,2,2,,1,2,10,4,12,8,14,7,,
2024-08-10 18:00:05,,,,,,,,,,,,4,2,2,,1,2,10,4,12,8,14,7,,
2024-08-10 18:00:10,,,,,,,,,,,,4,2,2,,1,2,10,4,12,8,14,7,,
2024-08-10 18:00:15,,,,,,,,,,,,4,2,2,,1,2,10,4,12,8,14,7,,
2024-08-10 18:00:20,,,,,,,,,,,,4,2,2,,1,2,10,4,12,8,14,7,,
2024-08-10 18:00:25,,,,,,,,,,,,4,2,2,,1,2,10,4,12,8,14,7,,
2024-08-10 18:00:30,,,,,,,,,,,,4,2,2,,1,2,10,4,12,8,14,7,,
2024-08-10 18:00:35,,,,,,,,,,,,4,2,2,,1,2,10,4,12,8,14,7,,
2024-08-10 18:00:40,,,,,,,,,,,,4,2,2,,1,2,10,4,12,8,14,7,,
2024-08-10 18:00:45,,,,,,,,,,,,4,2,2,,1,2,10,4,12,8,14,7,,
2024-08-10 18:00:50,,,,,,,,,,,,4,2,2,,1,2,10,4,12,8,14,7,,
2024-08-10 18:00:55,,,,,,,,,,,,4,2,2,,1,2,10,4,12,8,14,7,,
2024-08-10 18:01:00,,,,,,,,,,,,4,2,2,,1,2,10,4,12,8,14,7,,
2024-08-10 18:01:05,,,,,,,,,,,,4,2,2,,1,2,10,4,12,8,14,7,,
2024-08-10 18:01:10,,,,,,,,,,,,4,2,2,,1,2,10,4,12,8,14,7,,
2024-08-10 18:01:15,,,,,,,,,,,,4,2,2,,1,2,10,4,12,8,14,7,,
2024-08-10 18:01:20,,,,,,,,,,,,4,2,2,,1,2,12,4,12,8,14,7,,
2024-08-10 18:01:25,,,,,,,,,,,,4,2,2,,1,2,12,4,12,9,14,7,,
2024-08-10 18:01:30,,,,,,,,,,,,4,2,2,,1,2,12,4,12,9,14,7,,
2024-08-10 18:01:35,,,,,,,,,,,,4,2,2,,1,2,12,4,12,9,14,7,,
2024-08-10 18:01:40,,,,,,,,,,,,4,2,2,,1,2,12,4,12,10,14,7,,
2024-08-10 18:01:45,,,,,,,,,,,,4,2,2,,1,2,12,4,12,10,14,7,,
2024-08-10 18:01:50,,,,,,,,,,,,4,2,2,,1,2,13,4,12,10,14,7,,
2024-08-10 18:01:55,,,,,,,,,,,,4,2,2,,1,2,13,4,12,11,14,7,,
2024-08-10 18:02:00,,,,,,,,,,,,4,2,2,,1,2,13,4,12,11,14,7,,
2024-08-10 18:02:05,,,,,,,,,,,,4,2,2,,1,2,13,4,12,11,14,7,,
2024-08-10 18:02:10,,,,,,,,,,,,4,2,2,,1,2,13,4,12,11,14,7,,
2024-08-10 18:02:15,,,,,,,,,,,,4,2,2,,1,2,13,4,12,11,14,7,,
2024-08-10 18:02:20,,,,,,,,,,,,4,2,2,,1,2,13,4,12,11,14,7,,
2024-08-10 18:02:25,,,,,,,,,,,,4,2,2,,1,2,13,4,12,11,14,7,,
2024-08-10 18:02:30,,,,,,,,,,,,4,2,2,,1,2,13,4,12,11,14,7,,
2024-08-10 18:02:35,,,,,,,,,,,,4,2,2,,1,2,13,4,12,11,14,7,,
2024-08-10 18:02:40,,,,,,,,,,,,4,2,2,,1,2,13,4,12,11,14,7,,
2024-08-10 18:02:45,,,,,,,,,,,,4,2,2,,1,2,13,4,12,11,14,7,,
2024-08-10 18:02:50,,,,,,,,,,,,4,2,2,,1,2,13,4,12,11,14,7,,
2024-08-10 18:02:55,,,,,,,,,,,,4,2,2,,1,2,13,4,12,11,14,7,,
2024-08-10 18:03:00,,,,,,,,,,,,4,2,2,,1,2,13,4,12,11,14,7,,
2024-08-10 18:03:05,,,,,,,,,,,,4,2,2,,1,2,13,4,12,11,14,7,,
2024-08-10 18:03:10,,,,,,,,,,,,4,2,2,,1,2,13,4,12,11,14,7,,
2024-08-10 18:03:15,,,,,,,,,,,,4,2,2,,1,2,13,4,12,11,14,7,,
2024-08-10 18:03:20,,,,,,,,,,,,4,2,2,,1,2,13,4,12,11,14,7,,
2024-08-10 18:03:25,,,,,,,,,,,,4,2,2,,1,2,13,4,12,11,14,7,,
2024-08-10 18:03:30,,,,,,,,,,,,4,2,2,,1,2,13,4,12,11,14,7,,
2024-08-10 18:03:35,,,,,,,,,,,,4,2,2,,1,2,13,4,12,11,14,7,,
2024-08-10 18:03:40,,,,,,,,,,,,4,2,2,,1,2,13,4,12,11,14,7,,
2024-08-10 18:03:45,,,,,,,,,,,,4,2,2,,1,2,13,4,12,11,14,7,,
2024-08-10 18:03:50,,,,,,,,,,,,4,2,2,,1,2,13,4,12,11,14,7,,
2024-08-10 18:03:55,,,,,,,,,,,,4,2,2,,1,2,13,4,12,11,14,7,,
2024-08-10 18:04:00,,,,,,,,,,,,4,2,2,,1,2,13,4,12,11,14,7,,
2024-08-10 18:04:05,,,,,,,,,,,,4,2,2,,1,2,13,4,12,11,14,7,,
2024-08-10 18:04:10,,,,,,,,,,,,4,2,2,,1,2,13,4,12,11,14,7,,
2024-08-10 18:04:15,,,,,,,,,,,,4,2,2,,1,2,13,4,12,11,14,7,,
2024-08-10 18:04:20,,,,,,,,,,,,4,2,2,,1,2,13,4,12,11,14,7,,
2024-08-10 18:04:25,,,,,,,,,,,,4,2,2,,1,2,13,4,12,11,14,7,,
2024-08-10 18:04:30,,,,,,,,,,,,4,2,2,,1,2,13,4,12,11,14,7,,
2024-08-10 18:04:35,,,,,,,,,,,,4,2,2,,1,2,13,4,12,11,14,7,,
2024-08-10 18:04:40,,,,,,,,,,,,4,2,2,,1,2,13,4,12,11,14,7,,
2024-08-10 18:04:45,,,,,,,,,,,,4,2,2,,1,2,13,4,12,11,14,7,,
2024-08-10 18:04:50,,,,,,,,,,,,4,2,2,,1,2,13,4,12,11,14,7,,
2024-08-10 18:04:55,,,,,,,,,,,,4,2,2,,1,2,13,4,12,11,14,7,,
2024-08-10 18:05:00,,,,,,,,,,,,4,2,2,,1,2,13,4,12,11,14,7,,
2024-08-10 18:05:05,,,,,,,,,,,,4,2,2,,1,2,13,4,12,11,14,7,,
2024-08-10 18:05:10,,,,,,,,,,,,4,2,2,,1,2,13,4,12,11,14,7,,
2024-08-10 18:05:15,,,,,,,,,,,,4,2,2,,1,2,13,4,12,11,14,7,,
2024-08-10 18:05:20,,,,,,,,,,,,4,2,2,,1,2,13,4,12,11,14,7,,
2024-08-10 18:05:25,,,,,,,,,,,,4,2,2,,1,2,13,4,12,11,14,7,,
2024-08-10 18:05:30,,,,,,,,,,,,4,2,2,,1,2,13,4,12,11,14,7,,
2024-08-10 18:05:35,,,,,,,,,,,,4,2,2,,1,2,13,4,12,11,14,7,,
2024-08-10 18:05:40,,,,,,,,,,,,4,2,2,,1,2,13,4,12,11,14,7,,
2024-08-10 18:05:45,,,,,,,,,,,,4,2,2,,1,2,13,4,12,11,14,7,,
2024-08-10 18:05:50,,,,,,,,,,,,4,2,2,,1,2,13,4,12,11,14,7,,
2024-08-10 18:05:55,,,,,,,,,,,,4,2,2,,1,2,13,4,12,11,14,7,,
2024-08-10 18:06:00,,,,,,,,,,,,4,2,2,,1,2,13,4,12,11,14,7,,
2024-08-10 18:06:05,,,,,,,,,,,,4,2,2,,1,2,13,4,12,11,14,7,,
2024-08-10 18:06:10,,,,,,,,,,,,4,2,2,,1,2,13,4,12,11,14,7,,
2024-08-10 18:06:15,,,,,,,,,,,,4,2,2,,1,2,13,4,12,11,14,7,,
2024-08-10 18:06:20,,,,,,,,,,,,4,2,2,,1,2,13,4,12,11,14,7,,
2024-08-10 18:06:25,,,,,,,,,,,,4,2,2,,1,2,13,4,12,11,14,7,,
2024-08-10 18:06:30,,,,,,,,,,,,4,2,2,,1,2,13,4,12,11,14,7,,
2024-08-10 18:06:35,,,,,,,,,,,,4,2,2,,1,2,13,4,12,11,14,7,,
2024-08-10 18:06:40,,,,,,,,,,,,4,2,2,,1,2,13,4,12,11,14,7,,
2024-08-10 18:06:45,,,,,,,,,,,,4,2,2,,1,2,13,4,12,11,14,7,,
2024-08-10 18:06:50,,,,,,,,,,,,4,2,2,,1,2,13,4,12,11,14,7,,
2024-08-10 18:06:55,,,,,,,,,,,,4,2,2,,1,2,13,4,12,11,14,7,,
2024-08-10 18:07:00,,,,,,,,,,,,4,2,2,,1,2,13,4,12,11,14,7,,
2024-08-10 18:07:05,,,,,,,,,,,,4,2,2,,1,2,13,4,12,11,14,7,,
2024-08-10 18:07:10,,,,,,,,,,,,4,2,2,,1,2,13,4,12,11,14,7,,
2024-08-10 18:07:15,,,,,,,,,,,,4,2,2,,1,2,13,4,12,11,14,7,,
2024-08-10 18:07:20,,,,,,,,,,,,4,2,2,,1,2,13,4,12,11,14,7,,
2024-08-10 18:07:25,,,,,,,,,,,,4,2,2,,1,2,13,4,12,11,14,7,,
2024-08-10 18:07:30,,,,,,,,,,,,4,2,2,,1,2,13,4,12,11,14,7,,
2024-08-10 18:07:35,,,,,,,,,,,,4,2,2,,1,2,13,4,12,11,14,7,,
2024-08-10 18:07:40,,,,,,,,,,,,4,2,2,,1,2,13,4,12,11,14,7,,
2024-08-10 18:07:45,,,,,,,,,,,,4,2,2,,1,2,13,4,12,11,14,7,,
2024-08-10 18:07:50,,,,,,,,,,,,4,2,2,,1,2,13,4,12,11,14,7,,
2024-08-10 18:07:55,,,,,,,,,,,,4,2,2,,1,2,13,4,12,11,14,7,,
2024-08-10 18:08:00,,,,,,,,,,,,4,2,2,,1,2,13,4,12,11,14,7,,
2024-08-10 18:08:05,,,,,,,,,,,,4,2,2,,1,2,13,4,12,11,14,7,,
2024-08-10 18:08:10,,,,,,,,,,,,4,2,2,,1,2,13,4,12,11,14,7,,
2024-08-10 18:08:15,,,,,,,,,,,,4,2,2,,1,2,13,4,12,11,14,7,,
2024-08-10 18:08:20,,,,,,,,,,,,4,2,2,,1,2,13,4,12,11,14,7,,
2024-08-10 18:08:25,,,,,,,,,,,,4,2,2,,1,2,13,4,12,11,14,7,,
2024-08-10 18:08:30,,,,,,,,,,,,4,2,2,,1,2,13,4,12,11,14,7,,
2024-08-10 18:08:35,,,,,,,,,,,,4,2,2,,1,2,13,4,12,11,14,7,,
2024-08-10 18:08:40,,,,,,,,,,,,4,2,2,,1,2,13,4,12,11,14,7,,
2024-08-10 18:08:45,,,,,,,,,,,,4,2,2,,1,2,13,4,12,11,14,7,,
2024-08-10 18:08:50,,,,,,,,,,,,4,2,2,,1,2,13,4,12,11,14,7,,
2024-08-10 18:08:55,,,,,,,,,,,,4,2,2,,1,2,13,4,12,11,14,7,,
2024-08-10 18:09:00,,,,,,,,,,,,4,2,2,,1,2,13,4,12,11,14,7,,
2024-08-10 18:09:05,,,,,,,,,,,,4,2,2,,1,2,13,4,12,11,14,7,,
2024-08-10 18:09:10,,,,,,,,,,,,4,2,2,,1,2,13,4,12,11,14,7,,
2024-08-10 18:09:15,,,,,,,,,,,,4,2,2,,1,2,13,4,12,11,14,7,,
2024-08-10 18:09:20,,,,,,,,,,,,4,2,2,,1,2,13,4,12,11,14,7,,
2024-08-10 18:09:25,,,,,,,,,,,,4,2,2,,1,2,13,4,12,11,14,7,,
2024-08-10 18:09:30,,,,,,,,,,,,4,2,2,,1,2,13,4,12,11,14,7,,
2024-08-10 18:09:35,,,,,,,,,,,,4,2,2,,1,2,13,4,12,11,14,7,,
2024-08-10 18:09:40,,,,,,,,,,,,4,2,2,,1,2,13,4,12,11,14,7,,
2024-08-10 18:09:45,,,,,,,,,,,,4,2,2,,1,2,13,4,12,11,14,7,,
2024-08-10 18:09:50,,,,,,,,,,,,4,2,2,,1,2,13,4,12,11,14,7,,
2024-08-10 18:09:55,,,,,,,,,,,,4,2,2,,1,2,13,4,12,11,14,7,,
2024-08-10 18:10:00,,,,,,,,,,,,4,2,2,,1,2,13,4,12,11,14,7,,
2024-08-10 18:10:05,,,,,,,,,,,,4,2,2,,1,2,13,4,12,11,14,7,,
2024-08-10 18:10:10,,,,,,,,,,,,4,2,2,,1,2,13,4,12,11,14,7,,
2024-08-10 18:10:15,,,,,,,,,,,,4,2,2,,1,2,13,4,12,11,14,7,,
2024-08-10 18:10:20,,,,,,,,,,,,4,2,2,,1,2,13,4,12,11,14,7,,
2024-08-10 18:10:25,,,,,,,,,,,,4,2,2,,1,2,13,4,12,11,14,7,,
2024-08-10 18:10:30,,,,,,,,,,,,4,2,2,,1,2,13,4,12,11,14,7,,
2024-08-10 18:10:35,,,,,,,,,,,,4,2,2,,1,2,13,4,12,11,14,7,,
2024-08-10 18:10:40,,,,,,,,,,,,4,2,2,,1,2,13,4,12,11,14,7,,
2024-08-10 18:10:45,,,,,,,,,,,,4,2,2,,1,2,13,4,12,11,14,7,,
2024-08-10 18:10:50,,,,,,,,,,,,4,2,2,,1,2,13,4,12,11,14,7,,
2024-08-10 18:10:55,,,,,,,,,,,,4,2,2,,1,2,13,4,12,11,14,7,,
2024-08-10 18:11:00,,,,,,,,,,,,4,2,2,,1,2,13,4,12,11,14,7,,
2024-08-10 18:11:05,,,,,,,,,,,,4,2,2,,1,2,13,4,12,11,14,7,,
2024-08-10 18:11:10,,,,,,,,,,,,4,2,2,,1,2,13,4,12,11,14,7,,
2024-08-10 18:11:15,,,,,,,,,,,,4,2,2,,1,2,13,4,12,11,14,7,,
2024-08-10 18:11:20,,,,,,,,,,,,4,2,2,,1,2,13,4,12,11,14,7,,
2024-08-10 18:11:25,,,,,,,,,,,,4,2,2,,1,2,13,4,12,11,14,7,,
2024-08-10 18:11:30,,,,,,,,,,,,4,2,2,,1,2,13,4,12,11,14,7,,
2024-08-10 18:11:35,,,,,,,,,,,,4,2,2,,1,2,13,4,12,11,14,7,,
2024-08-10 18:11:40,,,,,,,,,,,,4,2,2,,1,2,13,4,12,11,14,7,,
2024-08-10 18:11:45,,,,,,,,,,,,4,2,2,,1,2,13,4,12,11,14,7,,
2024-08-10 18:11:50,,,,,,,,,,,,4,2,2,,1,2,13,4,12,11,14,7,,
2024-08-10 18:11:55,,,,,,,,,,,,4,2,2,,1,2,13,4,12,11,14,7,,
2024-08-10 18:12:00,,,,,,,,,,,,4,2,2,,1,2,13,4,12,11,14,7,,
2024-08-10 18:12:05,,,,,,,,,,,,4,2,2,,1,2,13,4,12,11,14,7,,
2024-08-10 18:12:10,,,,,,,,,,,,4,2,2,,1,2,13,4,12,11,14,7,,
2024-08-10 18:12:15,,,,,,,,,,,,4,2,2,,1,2,13,4,12,11,14,7,,
2024-08-10 18:12:20,,,,,,,,,,,,4,2,2,,1,2,13,4,12,11,14,7,,
2024-08-10 18:12:25,,,,,,,,,,,,4,2,2,,1,2,13,4,12,11,14,7,,
2024-08-10 18:12:30,,,,,,,,,,,,4,2,2,,1,2,13,4,12,11,14,7,,
2024-08-10 18:12:35,,,,,,,,,,,,4,2,2,,1,2,13,4,12,11,14,7,,
2024-08-10 18:12:40,,,,,,,,,,,,4,2,2,,1,2,13,4,12,11,14,7,,
2024-08-10 18:12:45,,,,,,,,,,,,4,2,2,,1,2,13,4,12,11,14,7,,
2024-08-10 18:12:50,,,,,,,,,,,,4,2,2,,1,2,13,4,12,11,14,7,,
2024-08-10 18:12:55,,,,,,,,,,,,4,2,2,,1,2,13,4,12,11,14,7,,
2024-08-10 18:13:00,,,,,,,,,,,,4,2,2,,1,2,13,4,12,11,14,7,,
2024-08-10 18:13:05,,,,,,,,,,,,4,2,2,,1,2,13,4,12,11,14,7,,
2024-08-10 18:13:10,,,,,,,,,,,,4,2,2,,1,2,13,4,12,11,14,7,,
2024-08-10 18:13:15,,,,,,,,,,,,4,2,2,,1,2,13,4,12,11,14,7,,
2024-08-10 18:13:20,,,,,,,,,,,,4,2,2,,1,2,13,4,12,11,14,7,,
2024-08-10 18:13:25,,,,,,,,,,,,4,2,2,,1,2,13,4,12,11,14,7,,
2024-08-10 18:13:30,,,,,,,,,,,,4,2,2,,1,2,13,4,12,11,14,7,,
2024-08-10 18:13:35,,,,,,,,,,,,4,2,2,,1,2,13,4,12,11,14,7,,
2024-08-10 18:13:40,,,,,,,,,,,,4,2,2,,1,2,13,4,12,11,14,7,,
2024-08-10 18:13:45,,,,,,,,,,,,4,2,2,,1,2,13,4,12,11,14,7,,
2024-08-10 18:13:50,,,,,,,,,,,,4,2,2,,1,2,13,4,12,11,14,7,,
2024-08-10 18:13:55,,,,,,,,,,,,4,2,2,,1,2,13,4,12,11,14,7,,
2024-08-10 18:14:00,,,,,,,,,,,,4,2,2,,1,2,13,4,12,11,14,7,,
2024-08-10 18:14:05,,,,,,,,,,,,4,2,2,,1,2,13,4,12,11,14,7,,
2024-08-10 18:14:10,,,,,,,,,,,,4,2,2,,1,2,13,4,12,11,14,7,,
2024-08-10 18:14:15,,,,,,,,,,,,4,2,2,,1,2,13,4,12,11,14,7,,
2024-08-10 18:14:20,,,,,,,,,,,,4,2,2,,1,2,13,4,12,11,14,7,,
2024-08-10 18:14:25,,,,,,,,,,,,4,2,2,,1,2,13,4,12,11,14,7,,
2024-08-10 18:14:30,,,,,,,,,,,,4,2,2,,1,2,13,4,12,11,14,7,,
2024-08-10 18:14:35,,,,,,,,,,,,4,2,2,,1,2,13,4,12,11,14,7,,
2024-08-10 18:14:40,,,,,,,,,,,,4,2,2,,1,2,13,4,12,11,14,7,,
2024-08-10 18:14:45,,,,,,,,,,,,4,2,2,,1,2,13,4,12,11,14,7,,
2024-08-10 18:14:50,,,,,,,,,,,,4,2,2,,1,2,13,4,12,11,14,7,,
2024-08-10 18:14:55,,,,,,,,,,,,4,2,2,,1,2,13,4,12,11,14,7,,
2024-08-10 18:15:00,,,,,,,,,,,,4,2,2,,1,2,13,4,12,11,14,7,,
2024-08-10 18:15:05,,,,,,,,,,,,4,2,2,,1,2,13,4,12,11,14,7,,
2024-08-10 18:15:10,,,,,,,,,,,,4,2,2,,1,2,13,4,12,11,14,7,,
2024-08-10 18:15:15,,,,,,,,,,,,4,2,2,,1,2,13,4,12,11,14,7,,
2024-08-10 18:15:20,,,,,,,,,,,,4,2,2,,1,2,13,4,12,11,14,7,,
2024-08-10 18:15:25,,,,,,,,,,,,4,2,2,,1,2,13,4,12,11,14,7,,
2024-08-10 18:15:30,,,,,,,,,,,,4,2,2,,1,2,13,4,12,11,14,7,,
2024-08-10 18:15:35,,,,,,,,,,,,4,2,2,,1,2,13,4,12,11,14,7,,
2024-08-10 18:15:40,,,,,,,,,,,,4,2,2,,1,2,13,4,12,11,14,7,,
2024-08-10 18:15:45,,,,,,,,,,,,4,2,2,,1,2,13,4,12,11,14,7,,
2024-08-10 18:15:50,,,,,,,,,,,,4,2,2,,1,2,13,4,12,11,14,7,,
2024-08-10 18:15:55,,,,,,,,,,,,4,2,2,,1,2,13,4,12,11,14,7,,
2024-08-10 18:16:00,,,,,,,,,,,,4,2,2,,1,2,13,4,12,11,14,7,,
2024-08-10 18:16:05,,,,,,,,,,,,4,2,2,,1,2,13,4,12,11,14,7,,
2024-08-10 18:16:10,,,,,,,,,,,,4,2,2,,1,2,13,4,12,11,14,7,,
2024-08-10 18:16:15,,,,,,,,,,,,4,2,2,,1,2,13,4,12,11,14,7,,
2024-08-10 18:16:20,,,,,,,,,,,,4,2,2,,1,2,13,4,12,11,14,7,,
2024-08-10 18:16:25,,,,,,,,,,,,4,2,2,,1,2,13,4,12,11,14,7,,
2024-08-10 18:16:30,,,,,,,,,,,,4,2,2,,1,2,13,4,12,11,14,7,,
2024-08-10 18:16:35,,,,,,,,,,,,4,2,2,,1,2,13,4,12,11,14,7,,
2024-08-10 18:16:40,,,,,,,,,,,,4,2,2,,1,2,13,4,12,11,14,7,,
2024-08-10 18:16:45,,,,,,,,,,,,4,2,2,,1,2,13,4,12,11,14,7,,
2024-08-10 18:16:50,,,,,,,,,,,,4,2,2,,1,2,13,4,12,11,14,7,,
2024-08-10 18:16:55,,,,,,,,,,,,4,2,2,,1,2,13,4,12,11,14,7,,
2024-08-10 18:17:00,,,,,,,,,,,,4,2,2,,1,2,13,4,12,11,14,7,,
2024-08-10 18:17:05,,,,,,,,,,,,4,2,2,,1,2,13,4,12,11,14,7,,
2024-08-10 18:17:10,,,,,,,,,,,,4,2,2,,1,2,13,4,12,11,14,7,,
2024-08-10 18:17:15,,,,,,,,,,,,4,2,2,,1,2,13,4,12,11,14,7,,
2024-08-10 18:17:20,,,,,,,,,,,,4,2,2,,1,2,13,4,12,11,14,7,,
2024-08-10 18:17:25,,,,,,,,,,,,4,2,2,,1,2,13,4,12,11,14,7,,
2024-08-10 18:17:30,,,,,,,,,,,,4,2,2,,1,2,13,4,12,11,14,7,,
2024-08-10 18:17:35,,,,,,,,,,,,4,2,2,,1,2,13,4,12,11,14,7,,
2024-08-10 18:17:40,,,,,,,,,,,,4,2,2,,1,2,13,4,12,11,14,7,,
2024-08-10 18:17:45,,,,,,,,,,,,4,2,2,,1,2,13,4,12,11,14,7,,
2024-08-10 18:17:50,,,,,,,,,,,,4,2,2,,1,2,13,4,12,11,14,7,,
2024-08-10 18:17:55,,,,,,,,,,,,4,2,2,,1,2,13,4,12,11,14,7,,
2024-08-10 18:18:00,,,,,,,,,,,,4,2,2,,1,2,13,4,12,11,14,7,,
2024-08-10 18:18:05,,,,,,,,,,,,4,2,2,,1,2,13,4,12,11,14,7,,
2024-08-10 18:18:10,,,,,,,,,,,,4,2,2,,1,2,13,4,12,11,14,7,,
2024-08-10 18:18:15,,,,,,,,,,,,4,2,2,,1,2,13,4,12,11,14,7,,
2024-08-10 18:18:20,,,,,,,,,,,,4,2,2,,1,2,13,4,12,11,14,7,,
2024-08-10 18:18:25,,,,,,,,,,,,4,2,2,,1,2,13,4,12,11,14,7,,
2024-08-10 18:18:30,,,,,,,,,,,,4,2,2,,1,2,13,4,12,11,14,7,,
2024-08-10 18:18:35,,,,,,,,,,,,4,2,2,,1,2,13,4,12,11,14,7,,
2024-08-10 18:18:40,,,,,,,,,,,,4,2,2,,1,2,13,4,12,11,14,7,,
2024-08-10 18:18:45,,,,,,,,,,,,4,2,2,,1,2,13,4,12,11,14,7,,
2024-08-10 18:18:50,,,,,,,,,,,,4,2,2,,1,2,13,4,12,11,14,7,,
2024-08-10 18:18:55,,,,,,,,,,,,4,2,2,,1,2,13,4,12,11,14,7,,
2024-08-10 18:19:00,,,,,,,,,,,,4,2,2,,1,2,13,4,12,11,14,7,,
2024-08-10 18:19:05,,,,,,,,,,,,4,2,2,,1,2,13,4,12,11,14,7,,
2024-08-10 18:19:10,,,,,,,,,,,,4,2,2,,1,2,13,4,12,11,14,7,,
2024-08-10 18:19:15,,,,,,,,,,,,4,2,2,,1,2,13,4,12,11,14,7,,
2024-08-10 18:19:20,,,,,,,,,,,,4,2,2,,1,2,13,4,12,11,14,7,,
2024-08-10 18:19:25,,,,,,,,,,,,4,2,2,,1,2,13,4,12,11,14,7,,
2024-08-10 18:19:30,,,,,,,,,,,,4,2,2,,1,2,13,4,12,11,14,7,,
2024-08-10 18:19:35,,,,,,,,,,,,4,2,2,,1,2,13,4,12,11,14,7,,
2024-08-10 18:19:40,,,,,,,,,,,,4,2,2,,1,2,13,4,12,11,14,7,,
2024-08-10 18:19:45,,,,,,,,,,,,4,2,2,,1,2,13,4,12,11,14,7,,
2024-08-10 18:19:50,,,,,,,,,,,,4,2,2,,1,2,13,4,12,11,14,7,,
2024-08-10 18:19:55,,,,,,,,,,,,4,2,2,,1,2,13,4,12,11,14,7,,
2024-08-10 18:20:00,,,,,,,,,,,,4,2,2,,1,2,13,4,12,11,14,7,,
2024-08-10 18:20:05,,,,,,,,,,,,4,2,2,,1,2,13,4,12,11,14,7,,
2024-08-10 18:20:10,,,,,,,,,,,,4,2,2,,1,2,13,4,12,11,14,7,,
2024-08-10 18:20:15,,,,,,,,,,,,4,2,2,,1,2,13,4,12,11,14,7,,
2024-08-10 18:20:20,,,,,,,,,,,,4,2,2,,1,2,13,4,12,11,14,7,,
2024-08-10 18:20:25,,,,,,,,,,,,4,2,2,,1,2,13,4,12,11,14,7,,
2024-08-10 18:20:30,,,,,,,,,,,,4,2,2,,1,2,13,4,12,11,14,7,,
2024-08-10 18:20:35,,,,,,,,,,,,4,2,2,,1,2,13,4,12,11,14,7,,
2024-08-10 18:20:40,,,,,,,,,,,,4,2,2,,1,2,13,4,12,11,14,7,,
2024-08-10 18:20:45,,,,,,,,,,,,4,2,2,,1,2,13,4,12,11,14,7,,
2024-08-10 18:20:50,,,,,,,,,,,,4,2,2,,1,2,13,4,12,11,14,7,,
2024-08-10 18:20:55,,,,,,,,,,,,4,2,2,,1,2,13,4,12,11,14,7,,
2024-08-10 18:21:00,,,,,,,,,,,,4,2,2,,1,2,13,4,12,11,14,7,,
2024-08-10 18:21:05,,,,,,,,,,,,4,2,2,,1,2,13,4,12,11,14,7,,
2024-08-10 18:21:10,,,,,,,,,,,,4,2,2,,1,2,13,4,12,11,14,7,,
2024-08-10 18:21:15,,,,,,,,,,,,4,2,2,,1,2,13,4,12,11,14,7,,
2024-08-10 18:21:20,,,,,,,,,,,,4,2,2,,1,2,13,4,12,11,14,7,,
2024-08-10 18:21:25,,,,,,,,,,,,4,2,2,,1,2,13,4,12,11,14,7,,
2024-08-10 18:21:30,,,,,,,,,,,,4,2,2,,1,2,13,4,12,11,14,7,,
2024-08-10 18:21:35,,,,,,,,,,,,4,2,2,,1,2,13,4,12,11,14,7,,
2024-08-10 18:21:40,,,,,,,,,,,,4,2,2,,1,2,13,4,12,11,14,7,,
2024-08-10 18:21:45,,,,,,,,,,,,4,2,2,,1,2,13,4,12,11,14,7,,
2024-08-10 18:21:50,,,,,,,,,,,,4,2,2,,1,2,13,4,12,11,14,7,,
2024-08-10 18:21:55,,,,,,,,,,,,4,2,2,,1,2,13,4,12,11,14,7,,
2024-08-10 18:22:00,,,,,,,,,,,,4,2,2,,1,2,13,4,12,11,14,7,,
2024-08-10 18:22:05,,,,,,,,,,,,4,2,2,,1,2,13,4,12,11,14,7,,
2024-08-10 18:22:10,,,,,,,,,,,,4,2,2,,1,2,13,4,12,11,14,7,,
2024-08-10 18:22:15,,,,,,,,,,,,4,2,2,,1,2,13,4,12,11,14,7,,
2024-08-10 18:22:20,,,,,,,,,,,,4,2,2,,1,2,13,4,12,11,14,7,,
2024-08-10 18:22:25,,,,,,,,,,,,4,2,2,,1,2,13,4,12,11,14,7,,
2024-08-10 18:22:30,,,,,,,,,,,,4,2,2,,1,2,13,4,12,11,14,7,,
2024-08-10 18:22:35,,,,,,,,,,,,4,2,2,,1,2,13,4,12,11,14,7,,
2024-08-10 18:22:40,,,,,,,,,,,,4,2,2,,1,2,13,4,12,11,14,7,,
2024-08-10 18:22:45,,,,,,,,,,,,4,2,2,,1,2,13,4,12,11,14,7,,
2024-08-10 18:22:50,,,,,,,,,,,,4,2,2,,1,2,13,4,12,11,14,7,,
2024-08-10 18:22:55,,,,,,,,,,,,4,2,2,,1,2,13,4,12,11,14,7,,
2024-08-10 18:23:00,,,,,,,,,,,,4,2,2,,1,2,13,4,12,11,14,7,,
2024-08-10 18:23:05,,,,,,,,,,,,4,2,2,,1,2,13,4,12,11,14,7,,
2024-08-10 18:23:10,,,,,,,,,,,,4,2,2,,1,2,13,4,12,11,14,7,,
2024-08-10 18:23:15,,,,,,,,,,,,4,2,2,,1,2,13,4,12,11,14,7,,
2024-08-10 18:23:20,,,,,,,,,,,,4,2,2,,1,2,13,4,12,11,14,7,,
2024-08-10 18:23:25,,,,,,,,,,,,4,2,2,,1,2,13,4,12,11,14,7,,
2024-08-10 18:23:30,,,,,,,,,,,,4,2,2,,1,2,13,4,12,11,14,7,,
2024-08-10 18:23:35,,,,,,,,,,,,4,2,2,,1,2,13,4,12,11,14,7,,
2024-08-10 18:23:40,,,,,,,,,,,,4,2,2,,1,2,13,4,12,11,14,7,,
2024-08-10 18:23:45,,,,,,,,,,,,4,2,2,,1,2,13,4,12,11,14,7,,
2024-08-10 18:23:50,,,,,,,,,,,,4,2,2,,1,2,13,4,12,11,14,7,,
2024-08-10 18:23:55,,,,,,,,,,,,4,2,2,,1,2,13,4,12,11,14,7,,
2024-08-10 18:24:00,,,,,,,,,,,,4,2,2,,1,2,13,4,12,11,14,7,,
2024-08-10 18:24:05,,,,,,,,,,,,4,2,2,,1,2,13,4,12,11,14,7,,
2024-08-10 18:24:10,,,,,,,,,,,,4,2,2,,1,2,13,4,12,11,14,7,,
2024-08-10 18:24:15,,,,,,,,,,,,4,2,2,,1,2,13,4,12,11,14,7,,
2024-08-10 18:24:20,,,,,,,,,,,,4,2,2,,1,2,13,4,12,11,14,7,,
2024-08-10 18:24:25,,,,,,,,,,,,4,2,2,,1,2,13,4,12,11,14,7,,
2024-08-10 18:24:30,,,,,,,,,,,,4,2,2,,1,2,13,4,12,11,14,7,,
2024-08-10 18:24:35,,,,,,,,,,,,4,2,2,,1,2,13,4,12,11,14,7,,
2024-08-10 18:24:40,,,,,,,,,,,,4,2,2,,1,2,13,4,12,11,14,7,,
2024-08-10 18:24:45,,,,,,,,,,,,4,2,2,,1,2,13,4,12,11,14,7,,
2024-08-10 18:24:50,,,,,,,,,,,,4,2,2,,1,2,13,4,12,11,14,7,,
2024-08-10 18:24:55,,,,,,,,,,,,4,2,2,,1,2,13,4,12,11,14,7,,
2024-08-10 18:25:00,,,,,,,,,,,,4,2,2,,1,2,13,4,12,11,14,7,,
2024-08-10 18:25:05,,,,,,,,,,,,4,2,2,,1,2,13,4,12,11,14,7,,
2024-08-10 18:25:10,,,,,,,,,,,,4,2,2,,1,2,13,4,12,11,14,7,,
2024-08-10 18:25:15,,,,,,,,,,,,4,2,2,,1,2,13,4,12,11,14,7,,
2024-08-10 18:25:20,,,,,,,,,,,,4,2,2,,1,2,13,4,12,11,14,7,,
2024-08-10 18:25:25,,,,,,,,,,,,4,2,2,,1,2,13,4,12,11,14,7,,
2024-08-10 18:25:30,,,,,,,,,,,,4,2,2,,1,2,13,4,12,11,14,7,,
2024-08-10 18:25:35,,,,,,,,,,,,4,2,2,,1,2,13,4,12,11,14,7,,
2024-08-10 18:25:40,,,,,,,,,,,,4,2,2,,1,2,13,4,12,11,14,7,,
2024-08-10 18:25:45,,,,,,,,,,,,4,2,2,,1,2,13,4,12,11,14,7,,
2024-08-10 18:25:50,,,,,,,,,,,,4,2,2,,1,2,13,4,12,11,14,7,,
2024-08-10 18:25:55,,,,,,,,,,,,4,2,2,,1,2,13,4,12,11,14,7,,
2024-08-10 18:26:00,,,,,,,,,,,,4,2,2,,1,2,13,4,12,11,14,7,,
2024-08-10 18:26:05,,,,,,,,,,,,4,2,2,,1,2,13,4,12,11,14,7,,
2024-08-10 18:26:10,,,,,,,,,,,,4,2,2,,1,2,13,4,12,11,14,7,,
2024-08-10 18:26:15,,,,,,,,,,,,4,2,2,,1,2,13,4,12,11,14,7,,
2024-08-10 18:26:20,,,,,,,,,,,,4,2,2,,1,2,13,4,12,11,14,7,,
2024-08-10 18:26:25,,,,,,,,,,,,4,2,2,,1,2,13,4,12,11,14,7,,
2024-08-10 18:26:30,,,,,,,,,,,,4,2,2,,1,2,13,4,12,11,14,7,,
2024-08-10 18:26:35,,,,,,,,,,,,4,2,2,,1,2,13,4,12,11,14,7,,
2024-08-10 18:26:40,,,,,,,,,,,,4,2,2,,1,2,13,4,12,11,14,7,,
2024-08-10 18:26:45,,,,,,,,,,,,4,2,2,,1,2,13,4,12,11,14,7,,
2024-08-10 18:26:50,,,,,,,,,,,,4,2,2,,1,2,13,4,12,11,14,7,,
2024-08-10 18:26:55,,,,,,,,,,,,4,2,2,,1,2,13,4,12,11,14,7,,
2024-08-10 18:27:00,,,,,,,,,,,,4,2,2,,1,2,13,4,12,11,14,7,,
2024-08-10 18:27:05,,,,,,,,,,,,4,2,2,,1,2,13,4,12,11,14,7,,
2024-08-10 18:27:10,,,,,,,,,,,,4,2,2,,1,2,13,4,12,11,14,7,,
2024-08-10 18:27:15,,,,,,,,,,,,4,2,2,,1,2,13,4,12,11,14,7,,
2024-08-10 18:27:20,,,,,,,,,,,,4,2,2,,1,2,13,4,12,11,14,7,,
2024-08-10 18:27:25,,,,,,,,,,,,4,2,2,,1,2,13,4,12,11,14,7,,
2024-08-10 18:27:30,,,,,,,,,,,,4,2,2,,1,2,13,4,12,11,14,7,,
2024-08-10 18:27:35,,,,,,,,,,,,4,2,2,,1,2,13,4,12,11,14,7,,
2024-08-10 18:27:40,,,,,,,,,,,,4,2,2,,1,2,13,4,12,11,14,7,,
2024-08-10 18:27:45,,,,,,,,,,,,4,2,2,,1,2,13,4,12,11,14,7,,
2024-08-10 18:27:50,,,,,,,,,,,,4,2,2,,1,2,13,4,12,11,14,7,,
2024-08-10 18:27:55,,,,,,,,,,,,4,2,2,,1,2,13,4,12,11,14,7,,
2024-08-10 18:28:00,,,,,,,,,,,,4,2,2,,1,2,13,4,12,11,14,7,,
2024-08-10 18:28:05,,,,,,,,,,,,4,2,2,,1,2,13,4,12,11,14,7,,
2024-08-10 18:28:10,,,,,,,,,,,,4,2,2,,1,2,13,4,12,11,14,7,,
2024-08-10 18:28:15,,,,,,,,,,,,4,2,2,,1,2,13,4,12,11,14,7,,
2024-08-10 18:28:20,,,,,,,,,,,,4,2,2,,1,2,13,4,12,11,14,7,,
2024-08-10 18:28:25,,,,,,,,,,,,4,2,2,,1,2,13,4,12,11,14,7,,
2024-08-10 18:28:30,,,,,,,,,,,,4,2,2,,1,2,13,4,12,11,14,7,,
2024-08-10 18:28:35,,,,,,,,,,,,4,2,2,,1,2,13,4,12,11,14,7,,
2024-08-10 18:28:40,,,,,,,,,,,,4,2,2,,1,2,13,4,12,11,14,7,,
2024-08-10 18:28:45,,,,,,,,,,,,4,2,2,,1,2,13,4,12,11,14,7,,
2024-08-10 18:28:50,,,,,,,,,,,,4,2,2,,1,2,13,4,12,11,14,7,,
2024-08-10 18:28:55,,,,,,,,,,,,4,2,2,,1,2,13,4,12,11,14,7,,
2024-08-10 18:29:00,,,,,,,,,,,,4,2,2,,1,2,13,4,12,11,14,7,,
2024-08-10 18:29:05,,,,,,,,,,,,4,2,2,,1,2,13,4,12,11,14,7,,
2024-08-10 18:29:10,,,,,,,,,,,,4,2,2,,1,2,13,4,12,11,14,7,,
2024-08-10 18:29:15,,,,,,,,,,,,4,2,2,,1,2,13,4,12,11,14,7,,
2024-08-10 18:29:20,,,,,,,,,,,,4,2,2,,1,2,13,4,12,11,14,7,,
2024-08-10 18:29:25,,,,,,,,,,,,4,2,2,,1,2,13,4,12,11,14,7,,
2024-08-10 18:29:30,,,,,,,,,,,,4,2,2,,1,2,13,4,12,11,14,7,,
2024-08-10 18:29:35,,,,,,,,,,,,4,2,2,,1,2,13,4,12,11,14,7,,
2024-08-10 18:29:40,,,,,,,,,,,,4,2,2,,1,2,13,4,12,11,14,7,,
2024-08-10 18:29:45,,,,,,,,,,,,4,2,2,,1,2,13,4,12,11,14,7,,
2024-08-10 18:29:50,,,,,,,,,,,,4,2,2,,1,2,13,4,12,11,14,7,,
2024-08-10 18:29:55,,,,,,,,,,,,4,2,2,,1,2,13,4,12,11,14,7,,
2024-08-10 18:30:00,,,,,,,,,,,,4,2,2,,1,2,13,4,12,11,14,7,,
2024-08-10 18:30:05,,,,,,,,,,,,4,2,2,,1,2,13,4,12,11,14,7,,
2024-08-10 18:30:10,,,,,,,,,,,,4,2,2,,1,2,13,4,12,11,14,7,,
2024-08-10 18:30:15,,,,,,,,,,,,4,2,2,,1,2,13,4,12,11,14,7,,
2024-08-10 18:30:20,,,,,,,,,,,,4,2,2,,1,2,13,4,12,11,14,7,,
2024-08-10 18:30:25,,,,,,,,,,,,4,2,2,,1,2,13,4,12,11,14,7,,
2024-08-10 18:30:30,,,,,,,,,,,,4,2,2,,1,2,13,4,12,11,14,7,,
2024-08-10 18:30:35,,,,,,,,,,,,4,2,2,,1,2,13,4,12,11,14,7,,
2024-08-10 18:30:40,,,,,,,,,,,,4,2,2,,1,2,13,4,12,11,15,7,,
2024-08-10 18:30:45,,,,,,,,,,,,4,2,2,,1,2,13,4,12,11,15,7,,
2024-08-10 18:30:50,,,,,,,,,,,,4,2,2,,1,2,13,5,12,11,15,7,,
2024-08-10 18:30:55,,,,,,,,,,,,4,2,2,,1,2,13,5,12,11,16,7,,
2024-08-10 18:31:00,,,,,,,,,,,,4,2,2,,1,2,13,5,12,11,16,7,,
2024-08-10 18:31:05,,,,,,,,,,,,4,2,2,,1,2,13,5,12,11,16,7,,
2024-08-10 18:31:10,,,,,,,,,,,,4,2,2,,1,2,13,5,12,11,16,7,,
2024-08-10 18:31:15,,,,,,,,,,,,4,2,2,,1,2,13,5,12,11,16,7,,
2024-08-10 18:31:20,,,,,,,,,,,,4,2,2,,1,2,13,5,12,11,16,7,,
2024-08-10 18:31:25,,,,,,,,,,,,4,2,2,,1,2,13,5,12,12,16,7,,
2024-08-10 18:31:30,,,,,,,,,,,,4,2,2,,1,2,13,5,12,12,16,7,,
2024-08-10 18:31:35,,,,,,,,,,,,4,2,2,,1,2,14,6,12,12,16,7,,
2024-08-10 18:31:40,,,,,,,,,,,,4,2,2,,1,2,14,6,12,12,16,7,,
2024-08-10 18:31:45,,,,,,,,,,,,4,2,2,,1,2,14,6,12,12,16,7,,
2024-08-10 18:31:50,,,,,,,,,,,,4,2,2,,1,2,14,6,12,12,16,7,,
2024-08-10 18:31:55,,,,,,,,,,,,4,2,2,,1,2,14,6,12,12,16,7,,
2024-08-10 18:32:00,,,,,,,,,,,,4,2,2,,1,2,14,6,12,12,16,7,,
2024-08-10 18:32:05,,,,,,,,,,,,4,2,2,,1,2,14,6,12,12,16,7,,
2024-08-10 18:32:10,,,,,,,,,,,,4,2,2,,1,2,14,6,12,12,16,7,,
2024-08-10 18:32:15,,,,,,,,,,,,4,2,2,,1,2,14,6,12,12,16,7,,
2024-08-10 18:32:20,,,,,,,,,,,,4,2,2,,1,2,14,6,12,12,16,7,,
2024-08-10 18:32:25,,,,,,,,,,,,4,2,2,,1,2,14,6,12,12,16,7,,
2024-08-10 18:32:30,,,,,,,,,,,,4,2,2,,1,2,14,6,12,12,16,7,,
2024-08-10 18:32:35,,,,,,,,,,,,4,2,2,,1,2,14,6,12,12,16,7,,
2024-08-10 18:32:40,,,,,,,,,,,,4,2,2,,1,2,14,6,12,12,16,7,,
2024-08-10 18:32:45,,,,,,,,,,,,4,2,2,,1,2,14,6,12,12,16,7,,
2024-08-10 18:32:50,,,,,,,,,,,,4,2,2,,1,2,14,6,12,12,16,7,,
2024-08-10 18:32:55,,,,,,,,,,,,4,2,2,,1,2,14,6,12,12,16,7,,
2024-08-10 18:33:00,,,,,,,,,,,,4,2,2,,1,2,14,6,12,12,16,7,,
2024-08-10 18:33:05,,,,,,,,,,,,4,2,2,,1,2,14,6,12,12,16,7,,
2024-08-10 18:33:10,,,,,,,,,,,,4,2,2,,1,2,14,6,12,12,16,7,,
2024-08-10 18:33:15,,,,,,,,,,,,4,2,2,,1,2,14,6,12,12,16,7,,
2024-08-10 18:33:20,,,,,,,,,,,,4,2,2,,1,2,14,6,12,12,16,7,,
2024-08-10 18:33:25,,,,,,,,,,,,4,2,2,,1,2,14,6,12,12,16,7,,
2024-08-10 18:33:30,,,,,,,,,,,,4,2,2,,1,2,14,6,12,12,16,7,,
2024-08-10 18:33:35,,,,,,,,,,,,4,2,2,,1,2,15,6,12,12,16,7,,
2024-08-10 18:33:40,,,,,,,,,,,,4,2,2,,1,2,15,6,12,12,17,7,,
2024-08-10 18:33:45,,,,,,,,,,,,4,2,2,,1,2,15,6,12,12,17,7,,
2024-08-10 18:33:50,,,,,,,,,,,,4,2,2,,1,2,15,7,12,12,17,7,,
2024-08-10 18:33:55,,,,,,,,,,,,4,2,2,,1,2,15,7,12,13,18,7,,
2024-08-10 18:34:00,,,,,,,,,,,,4,2,2,,1,2,15,7,12,13,18,7,,
2024-08-10 18:34:05,,,,,,,,,,,,4,2,2,,1,2,15,8,12,13,18,7,,
2024-08-10 18:34:10,,,,,,,,,,,,4,2,2,,1,2,15,8,12,13,19,7,,
2024-08-10 18:34:15,,,,,,,,,,,,4,2,2,,1,2,15,8,12,13,19,7,,
2024-08-10 18:34:20,,,,,,,,,,,,4,2,2,,1,2,16,8,12,13,19,7,,
2024-08-10 18:34:25,,,,,,,,,,,,4,2,2,,1,2,16,8,12,13,19,7,,
2024-08-10 18:34:30,,,,,,,,,,,,4,2,2,,1,2,16,8,12,13,19,7,,
2024-08-10 18:34:35,,,,,,,,,,,,4,2,2,,1,2,16,8,12,13,19,7,,
2024-08-10 18:34:40,,,,,,,,,,,,4,2,2,,1,2,16,8,12,13,19,7,,
2024-08-10 18:34:45,,,,,,,,,,,,4,2,2,,1,2,16,8,12,13,19,7,,
2024-08-10 18:34:50,,,,,,,,,,,,4,2,2,,1,2,16,8,12,13,19,7,,
2024-08-10 18:34:55,,,,,,,,,,,,4,2,2,,1,2,16,8,12,13,19,7,,
2024-08-10 18:35:00,,,,,,,,,,,,4,2,2,,1,2,16,8,12,13,19,7,,
2024-08-10 18:35:05,,,,,,,,,,,,4,2,2,,1,2,16,8,12,13,19,7,,
2024-08-10 18:35:10,,,,,,,,,,,,4,2,2,,1,2,16,8,12,13,19,7,,
2024-08-10 18:35:15,,,,,,,,,,,,4,2,2,,1,2,16,8,12,13,19,7,,
2024-08-10 18:35:20,,,,,,,,,,,,4,2,2,,1,2,16,8,12,13,19,7,,
2024-08-10 18:35:25,,,,,,,,,,,,4,2,2,,1,2,16,8,12,13,19,7,,
2024-08-10 18:35:30,,,,,,,,,,,,4,2,2,,1,2,16,8,12,13,19,7,,
2024-08-10 18:35:35,,,,,,,,,,,,4,2,2,,1,2,16,8,12,13,19,7,,
2024-08-10 18:35:40,,,,,,,,,,,,4,2,2,,1,2,16,8,12,13,19,7,,
2024-08-10 18:35:45,,,,,,,,,,,,4,2,2,,1,2,16,8,12,13,19,7,,
2024-08-10 18:35:50,,,,,,,,,,,,4,2,2,,1,2,16,8,12,13,19,7,,
2024-08-10 18:35:55,,,,,,,,,,,,4,2,2,,1,2,16,8,12,13,19,7,,
2024-08-10 18:36:00,,,,,,,,,,,,4,2,2,,1,2,16,8,12,13,19,7,,
2024-08-10 18:36:05,,,,,,,,,,,,4,2,2,,1,2,16,8,12,13,19,7,,
2024-08-10 18:36:10,,,,,,,,,,,,4,2,2,,1,2,16,8,12,13,19,7,,
2024-08-10 18:36:15,,,,,,,,,,,,4,2,2,,1,2,16,8,12,13,19,7,,
2024-08-10 18:36:20,,,,,,,,,,,,4,2,2,,1,2,16,8,12,13,19,7,,
2024-08-10 18:36:25,,,,,,,,,,,,4,2,2,,1,2,16,8,12,13,19,7,,
2024-08-10 18:36:30,,,,,,,,,,,,4,2,2,,1,2,16,8,12,13,19,7,,
2024-08-10 18:36:35,,,,,,,,,,,,4,2,2,,1,2,16,8,12,13,19,7,,
2024-08-10 18:36:40,,,,,,,,,,,,4,2,2,,1,2,16,8,12,13,19,7,,
2024-08-10 18:36:45,,,,,,,,,,,,4,2,2,,1,2,16,8,12,13,19,7,,
2024-08-10 18:36:50,,,,,,,,,,,,4,2,2,,1,2,16,8,12,13,19,7,,
2024-08-10 18:36:55,,,,,,,,,,,,4,2,2,,1,2,16,8,12,13,19,7,,
2024-08-10 18:37:00,,,,,,,,,,,,4,2,2,,1,2,16,8,12,13,19,7,,
2024-08-10 18:37:05,,,,,,,,,,,,4,2,2,,1,2,16,8,12,13,19,7,,
2024-08-10 18:37:10,,,,,,,,,,,,4,2,2,,1,2,16,8,12,13,19,7,,
2024-08-10 18:37:15,,,,,,,,,,,,4,2,2,,1,2,16,8,12,13,19,7,,
2024-08-10 18:37:20,,,,,,,,,,,,4,2,2,,1,2,16,8,12,13,19,7,,
2024-08-10 18:37:25,,,,,,,,,,,,4,2,2,,1,2,16,8,12,13,19,7,,
2024-08-10 18:37:30,,,,,,,,,,,,4,2,2,,1,2,16,8,12,13,19,7,,
2024-08-10 18:37:35,,,,,,,,,,,,4,2,2,,1,2,16,8,12,13,19,7,,
2024-08-10 18:37:40,,,,,,,,,,,,4,2,2,,1,2,16,8,12,14,20,7,,
2024-08-10 18:37:45,,,,,,,,,,,,4,2,2,,1,2,16,8,12,14,20,7,,
2024-08-10 18:37:50,,,,,,,,,,,,4,2,2,,1,2,17,9,12,14,20,7,,
2024-08-10 18:37:55,,,,,,,,,,,,4,2,2,,1,2,17,9,12,14,20,7,,
2024-08-10 18:38:00,,,,,,,,,,,,4,2,2,,1,2,17,9,12,14,20,7,,
2024-08-10 18:38:05,,,,,,,,,,,,4,2,4,,1,2,20,10,12,14,20,7,,
2024-08-10 18:38:10,,,,,,,,,,,,4,2,4,,1,2,20,10,12,14,22,8,,
2024-08-10 18:38:15,,,,,,,,,,,,4,2,4,,1,2,20,10,12,14,22,8,,
2024-08-10 18:38:20,,,,,,,,,,,,4,2,4,,1,2,20,11,13,14,22,8,,
2024-08-10 18:38:25,,,,,,,,,,,,4,2,4,,1,2,20,11,13,14,23,10,,
2024-08-10 18:38:30,,,,,,,,,,,,4,2,4,,1,2,20,11,13,14,23,10,,
2024-08-10 18:38:35,,,,,,,,,,,,4,2,4,,1,2,21,12,14,14,23,10,,
2024-08-10 18:38:40,,,,,,,,,,,,4,2,4,,1,2,21,12,14,14,23,10,,
2024-08-10 18:38:45,,,,,,,,,,,,4,2,4,,1,2,21,12,14,14,23,10,,
2024-08-10 18:38:50,,,,,,,,,,,,4,2,4,,1,2,21,12,14,14,23,10,,
2024-08-10 18:38:55,,,,,,,,,,,,4,2,4,,1,2,21,12,14,14,23,10,,
2024-08-10 18:39:00,,,,,,,,,,,,4,2,4,,1,2,21,12,14,14,23,10,,
2024-08-10 18:39:05,,,,,,,,,,,,4,2,4,,1,2,21,12,14,14,23,10,,
2024-08-10 18:39:10,,,,,,,,,,,,4,2,4,,1,2,21,12,14,14,23,10,,
2024-08-10 18:39:15,,,,,,,,,,,,4,2,4,,1,2,21,12,14,14,23,10,,
2024-08-10 18:39:20,,,,,,,,,,,,4,2,4,,1,2,21,12,14,14,23,10,,
2024-08-10 18:39:25,,,,,,,,,,,,4,2,4,,1,2,21,12,14,14,23,10,,
2024-08-10 18:39:30,,,,,,,,,,,,4,2,4,,1,2,21,12,14,14,23,10,,
2024-08-10 18:39:35,,,,,,,,,,,,4,2,4,,1,2,21,12,14,14,23,10,,
2024-08-10 18:39:40,,,,,,,,,,,,4,2,4,,1,2,21,12,14,14,23,10,,
2024-08-10 18:39:45,,,,,,,,,,,,4,2,4,,1,2,21,12,14,14,23,10,,
2024-08-10 18:39:50,,,,,,,,,,,,5,3,4,,1,2,21,12,14,14,23,10,,
2024-08-10 18:39:55,,,,,,,,,,,,5,3,4,1,2,3,21,12,14,15,23,11,,
2024-08-10 18:40:00,,,,,,,,,,,,5,3,4,1,2,3,21,12,14,15,23,11,,
2024-08-10 18:40:05,,,,,,,,,,,,5,3,4,1,2,3,22,12,16,15,23,11,,
2024-08-10 18:40:10,,,,,,,,,,,,5,3,4,1,2,3,22,12,16,16,26,12,,
2024-08-10 18:40:15,,,,,,,,,,,,5,3,4,1,2,3,22,12,16,16,26,12,,
2024-08-10 18:40:20,,,,,,,,,,,,5,3,4,1,2,3,23,14,19,16,26,12,,
2024-08-10 18:40:25,,,,,,,,,,,,5,3,4,1,2,3,23,14,19,16,27,16,,
2024-08-10 18:40:30,,,,,,,,,,,,5,3,4,1,2,3,23,14,19,16,27,16,,
2024-08-10 18:40:35,,,,,,,,,,,,5,3,4,1,2,3,23,14,20,16,27,16,,
2024-08-10 18:40:40,,,,,,,,,,,,5,3,4,1,2,3,23,14,20,17,30,16,,
2024-08-10 18:40:45,,,,,,,,,,,,5,3,4,1,2,3,23,14,20,17,30,16,,
2024-08-10 18:40:50,,,,,,,,,,,,5,3,4,1,2,3,25,15,21,17,30,16,,
2024-08-10 18:40:55,,,,,,,,,,,,5,3,4,1,2,3,25,15,21,17,30,16,,
2024-08-10 18:41:00,,,,,,,,,,,,5,3,4,1,2,3,25,15,21,17,30,16,,
2024-08-10 18:41:05,,,,,,,,,,,,5,3,4,1,2,3,25,15,21,17,30,16,,
2024-08-10 18:41:10,,,,,,,,,,,,5,3,4,1,2,3,25,15,21,17,30,16,,
2024-08-10 18:41:15,,,,,,,,,,,,5,3,4,1,2,3,25,15,21,17,30,16,,
2024-08-10 18:41:20,,,,,,,,,,,,5,3,4,1,2,3,25,15,21,17,30,16,,
2024-08-10 18:41:25,,,,,,,,,,,,5,3,4,1,2,3,25,15,21,17,30,16,,
2024-08-10 18:41:30,,,,,,,,,,,,5,3,4,1,2,3,25,15,21,17,30,16,,
2024-08-10 18:41:35,,,,,,,,,,,,5,3,4,1,2,3,25,15,21,17,30,16,,
2024-08-10 18:41:40,,,,,,,,,,,,5,3,4,1,2,3,25,15,21,17,30,16,,
2024-08-10 18:41:45,,,,,,,,,,,,5,3,4,1,2,3,25,15,21,17,30,16,,
2024-08-10 18:41:50,,,,,,,,,,,,5,3,4,1,2,3,25,15,21,17,30,16,,
2024-08-10 18:41:55,,,,,,,,,,,,5,3,4,1,2,3,25,15,21,17,30,16,,
2024-08-10 18:42:00,,,,,,,,,,,,5,3,4,1,2,3,25,15,21,17,30,16,,
2024-08-10 18:42:05,,,,,,,,,,,,5,3,4,1,2,3,25,15,21,17,30,16,,
2024-08-10 18:42:10,,,,,,,,,,,,5,3,4,1,2,3,25,15,21,17,30,16,,
2024-08-10 18:42:15,,,,,,,,,,,,5,3,4,1,2,3,25,15,21,17,30,16,,
2024-08-10 18:42:20,,,,,,,,,,,,5,3,4,1,2,3,25,15,21,17,30,16,,
2024-08-10 18:42:25,,,,,,,,,,,,5,3,4,1,2,3,25,15,21,17,30,16,,
2024-08-10 18:42:30,,,,,,,,,,,,5,3,4,1,2,3,25,15,21,17,30,16,,
2024-08-10 18:42:35,,,,,,,,,,,,5,3,4,1,2,3,25,15,21,17,30,16,,
2024-08-10 18:42:40,,,,,,,,,,,,5,3,4,1,2,3,25,15,21,17,30,16,,
2024-08-10 18:42:45,,,,,,,,,,,,5,3,4,1,2,3,25,15,21,17,30,16,,
2024-08-10 18:42:50,,,,,,,,,,,,5,3,4,1,2,3,25,15,21,17,30,16,,
2024-08-10 18:42:55,,,,,,,,,,,,5,3,4,1,2,3,25,15,21,17,30,16,,
2024-08-10 18:43:00,,,,,,,,,,,,5,3,4,1,2,3,25,15,21,17,30,16,,
2024-08-10 18:43:05,,,,,,,,,,,,5,3,4,1,2,3,25,15,21,17,30,16,,
2024-08-10 18:43:10,,,,,,,,,,,,5,3,4,1,2,3,25,15,21,17,30,16,,
2024-08-10 18:43:15,,,,,,,,,,,,5,3,4,1,2,3,25,15,21,17,30,16,,
2024-08-10 18:43:20,,,,,,,,,,,,5,3,4,1,2,3,25,15,21,17,30,16,,
2024-08-10 18:43:25,,,,,,,,,,,,5,3,4,1,2,3,25,15,21,17,30,16,,
2024-08-10 18:43:30,,,,,,,,,,,,5,3,4,1,2,3,25,15,21,17,30,16,,
2024-08-10 18:43:35,,,,,,,,,,,,5,3,4,1,2,3,25,15,21,17,30,16,,
2024-08-10 18:43:40,,,,,,,,,,,,5,3,4,1,2,3,25,15,21,17,30,16,,
2024-08-10 18:43:45,,,,,,,,,,,,5,3,4,1,2,3,25,15,21,17,30,16,,
2024-08-10 18:43:50,,,,,,,,,,,,5,3,4,1,2,3,25,15,21,17,30,16,,
2024-08-10 18:43:55,,,,,,,,,,,,5,3,4,1,2,3,25,15,21,17,30,16,,
2024-08-10 18:44:00,,,,,,,,,,,,5,3,4,1,2,3,25,15,21,17,30,16,,
2024-08-10 18:44:05,,,,,,,,,,,,5,3,4,1,2,3,25,15,21,17,30,16,,
2024-08-10 18:44:10,,,,,,,,,,,,5,3,4,1,2,3,25,15,21,17,30,16,,
2024-08-10 18:44:15,,,,,,,,,,,,5,3,4,1,2,3,25,15,21,17,30,16,,
2024-08-10 18:44:20,,,,,,,,,,,,5,3,4,1,2,3,25,15,21,17,30,16,,
2024-08-10 18:44:25,,,,,,,,,,,,5,3,4,1,2,3,25,15,21,17,30,16,,
2024-08-10 18:44:30,,,,,,,,,,,,5,3,4,1,2,3,25,15,21,17,30,16,,
2024-08-10 18:44:35,,,,,,,,,,,,5,3,4,1,2,3,25,15,21,17,30,16,,
2024-08-10 18:44:40,,,,,,,,,,,,5,3,4,1,2,3,25,15,21,17,30,16,,
2024-08-10 18:44:45,,,,,,,,,,,,5,3,4,1,2,3,25,15,21,17,30,16,,
2024-08-10 18:44:50,,,,,,,,,,,,5,3,4,1,2,3,25,15,21,17,30,16,,
2024-08-10 18:44:55,,,,,,,,,,,,5,3,4,1,2,3,25,15,21,17,30,16,,
2024-08-10 18:45:00,,,,,,,,,,,,5,3,4,1,2,3,25,15,21,17,30,16,,
2024-08-10 18:45:05,,,,,,,,,,,,5,3,4,1,2,3,25,15,21,17,30,16,,
2024-08-10 18:45:10,,,,,,,,,,,,5,3,4,1,2,3,25,15,21,17,30,16,,
2024-08-10 18:45:15,,,,,,,,,,,,5,3,4,1,2,3,25,15,21,17,30,16,,
2024-08-10 18:45:20,,,,,,,,,,,,5,3,4,1,2,3,25,15,21,17,30,16,,
2024-08-10 18:45:25,,,,,,,,,,,,5,3,4,1,2,3,25,15,21,17,30,16,,
2024-08-10 18:45:30,,,,,,,,,,,,5,3,4,1,2,3,25,15,21,17,30,16,,
2024-08-10 18:45:35,,,,,,,,,,,,5,3,4,1,2,3,25,15,21,17,30,16,,
2024-08-10 18:45:40,,,,,,,,,,,,5,3,4,1,2,3,25,15,21,17,30,16,,
2024-08-10 18:45:45,,,,,,,,,,,,5,3,4,1,2,3,25,15,21,17,30,16,,
2024-08-10 18:45:50,,,,,,,,,,,,5,3,4,1,2,3,25,15,21,17,30,16,,
2024-08-10 18:45:55,,,,,,,,,,,,5,3,4,1,2,3,25,15,21,17,30,16,,
2024-08-10 18:46:00,,,,,,,,,,,,5,3,4,1,2,3,25,15,21,17,30,16,,
2024-08-10 18:46:05,,,,,,,,,,,,5,3,4,1,2,3,25,15,21,17,30,16,,
2024-08-10 18:46:10,,,,,,,,,,,,5,3,4,1,2,3,25,15,21,17,30,16,,
2024-08-10 18:46:15,,,,,,,,,,,,5,3,4,1,2,3,25,15,21,17,30,16,,
2024-08-10 18:46:20,,,,,,,,,,,,5,3,4,1,2,3,25,15,21,17,30,16,,
2024-08-10 18:46:25,,,,,,,,,,,,5,3,4,1,2,3,25,15,21,17,30,16,,
2024-08-10 18:46:30,,,,,,,,,,,,5,3,4,1,2,3,25,15,21,17,30,16,,
2024-08-10 18:46:35,,,,,,,,,,,,5,3,4,1,2,3,25,15,21,17,30,16,,
2024-08-10 18:46:40,,,,,,,,,,,,5,3,4,1,2,3,25,15,21,17,30,16,,
2024-08-10 18:46:45,,,,,,,,,,,,5,3,4,1,2,3,25,15,21,17,30,16,,
2024-08-10 18:46:50,,,,,,,,,,,,5,3,4,1,2,3,25,15,21,17,30,16,,
2024-08-10 18:46:55,,,,,,,,,,,,5,3,4,1,2,3,25,15,21,17,30,16,,
2024-08-10 18:47:00,,,,,,,,,,,,5,3,4,1,2,3,25,15,21,17,30,16,,
2024-08-10 18:47:05,,,,,,,,,,,,5,3,4,1,2,3,25,15,21,17,30,16,,
2024-08-10 18:47:10,,,,,,,,,,,,5,3,4,1,2,3,25,15,21,17,30,16,,
2024-08-10 18:47:15,,,,,,,,,,,,5,3,4,1,2,3,25,15,21,17,30,16,,
2024-08-10 18:47:20,,,,,,,,,,,,5,3,4,1,2,3,25,15,21,17,30,16,,
2024-08-10 18:47:25,,,,,,,,,,,,5,3,4,1,2,3,25,15,21,17,30,16,,
2024-08-10 18:47:30,,,,,,,,,,,,5,3,4,1,2,3,25,15,21,17,30,16,,
2024-08-10 18:47:35,,,,,,,,,,,,5,3,4,1,2,3,25,15,21,17,30,16,,
2024-08-10 18:47:40,,,,,,,,,,,,5,3,4,1,2,3,25,15,21,17,30,16,,
2024-08-10 18:47:45,,,,,,,,,,,,5,3,4,1,2,3,25,15,21,17,30,16,,
2024-08-10 18:47:50,,,,,,,,,,,,5,3,4,1,2,3,25,15,21,17,30,16,,
2024-08-10 18:47:55,,,,,,,,,,,,5,3,4,1,2,3,25,15,21,17,30,16,,
2024-08-10 18:48:00,,,,,,,,,,,,5,3,4,1,2,3,25,15,21,17,30,16,,
2024-08-10 18:48:05,,,,,,,,,,,,5,3,4,1,2,3,25,15,21,17,30,16,,
2024-08-10 18:48:10,,,,,,,,,,,,5,3,4,1,2,3,25,15,21,17,30,16,,
2024-08-10 18:48:15,,,,,,,,,,,,5,3,4,1,2,3,25,15,21,17,30,16,,
2024-08-10 18:48:20,,,,,,,,,,,,5,3,4,1,2,3,25,15,21,17,30,16,,
2024-08-10 18:48:25,,,,,,,,,,,,5,3,4,1,2,3,25,15,21,17,30,16,,
2024-08-10 18:48:30,,,,,,,,,,,,5,3,4,1,2,3,25,15,21,17,30,16,,
2024-08-10 18:48:35,,,,,,,,,,,,5,3,4,1,2,3,25,15,21,17,30,16,,
2024-08-10 18:48:40,,,,,,,,,,,,5,3,4,1,2,3,25,15,21,17,30,16,,
2024-08-10 18:48:45,,,,,,,,,,,,5,3,4,1,2,3,25,15,21,17,30,16,,
2024-08-10 18:48:50,,,,,,,,,,,,5,3,4,1,2,3,25,15,21,17,30,16,,
2024-08-10 18:48:55,,,,,,,,,,,,5,3,4,1,2,3,25,15,21,17,30,16,,
2024-08-10 18:49:00,,,,,,,,,,,,5,3,4,1,2,3,25,15,21,17,30,16,,
2024-08-10 18:49:05,,,,,,,,,,,,5,3,4,1,2,3,25,15,21,17,30,16,,
2024-08-10 18:49:10,,,,,,,,,,,,5,3,4,1,2,3,25,15,21,17,30,16,,
2024-08-10 18:49:15,,,,,,,,,,,,5,3,4,1,2,3,25,15,21,17,30,16,,
2024-08-10 18:49:20,,,,,,,,,,,,5,3,4,1,2,3,25,15,21,17,30,16,,
2024-08-10 18:49:25,,,,,,,,,,,,5,3,4,1,2,3,25,15,21,17,30,16,,
2024-08-10 18:49:30,,,,,,,,,,,,5,3,4,1,2,3,25,15,21,17,30,16,,
2024-08-10 18:49:35,,,,,,,,,,,,5,3,4,1,2,3,25,15,21,17,30,16,,
2024-08-10 18:49:40,,,,,,,,,,,,5,3,4,1,2,3,25,15,21,17,30,16,,
2024-08-10 18:49:45,,,,,,,,,,,,5,3,4,1,2,3,25,15,21,17,30,16,,
2024-08-10 18:49:50,,,,,,,,,,,,5,3,4,1,2,3,25,15,21,17,30,16,,
2024-08-10 18:49:55,,,,,,,,,,,,5,3,4,1,2,3,25,15,21,17,30,16,,
2024-08-10 18:50:00,,,,,,,,,,,,5,3,4,1,2,3,25,15,21,17,30,16,,
2024-08-10 18:50:05,,,,,,,,,,,,5,3,4,1,2,3,25,15,21,17,30,16,,
2024-08-10 18:50:10,,,,,,,,,,,,5,3,4,1,2,3,25,15,21,17,30,16,,
2024-08-10 18:50:15,,,,,,,,,,,,5,3,4,1,2,3,25,15,21,17,30,16,,
2024-08-10 18:50:20,,,,,,,,,,,,5,3,4,1,2,3,25,15,21,17,30,16,,
2024-08-10 18:50:25,,,,,,,,,,,,5,3,4,1,2,3,25,15,21,17,30,16,,
2024-08-10 18:50:30,,,,,,,,,,,,5,3,4,1,2,3,25,15,21,17,30,16,,
2024-08-10 18:50:35,,,,,,,,,,,,5,3,4,1,2,3,25,15,21,17,30,16,,
2024-08-10 18:50:40,,,,,,,,,,,,5,3,4,1,2,3,25,15,21,17,30,16,,
2024-08-10 18:50:45,,,,,,,,,,,,5,3,4,1,2,3,25,15,21,17,30,16,,
2024-08-10 18:50:50,,,,,,,,,,,,5,3,4,1,2,3,25,15,21,17,30,16,,
2024-08-10 18:50:55,,,,,,,,,,,,5,3,4,1,2,3,25,15,21,17,30,16,,
2024-08-10 18:51:00,,,,,,,,,,,,5,3,4,1,2,3,25,15,21,17,30,16,,
2024-08-10 18:51:05,,,,,,,,,,,,5,3,4,1,2,3,25,15,21,17,30,16,,
2024-08-10 18:51:10,,,,,,,,,,,,5,3,4,1,2,3,25,15,21,17,30,16,,
2024-08-10 18:51:15,,,,,,,,,,,,5,3,4,1,2,3,25,15,21,17,30,16,,
2024-08-10 18:51:20,,,,,,,,,,,,5,3,4,1,2,3,25,15,21,17,30,16,,
2024-08-10 18:51:25,,,,,,,,,,,,5,3,4,1,2,3,25,15,21,17,30,16,,
2024-08-10 18:51:30,,,,,,,,,,,,5,3,4,1,2,3,25,15,21,17,30,16,,
2024-08-10 18:51:35,,,,,,,,,,,,5,3,4,1,2,3,25,15,21,17,30,16,,
2024-08-10 18:51:40,,,,,,,,,,,,5,3,4,1,2,3,25,15,21,17,30,16,,
2024-08-10 18:51:45,,,,,,,,,,,,5,3,4,1,2,3,25,15,21,17,30,16,,
2024-08-10 18:51:50,,,,,,,,,,,,5,3,4,1,2,3,25,15,21,17,30,16,,
2024-08-10 18:51:55,,,,,,,,,,,,5,3,4,1,2,3,25,15,21,17,30,16,,
2024-08-10 18:52:00,,,,,,,,,,,,5,3,4,1,2,3,25,15,21,17,30,16,,
2024-08-10 18:52:05,,,,,,,,,,,,5,3,4,1,2,3,25,15,21,17,30,16,,
2024-08-10 18:52:10,,,,,,,,,,,,5,3,4,1,2,3,25,15,21,17,30,16,,
2024-08-10 18:52:15,,,,,,,,,,,,5,3,4,1,2,3,25,15,21,17,30,16,,
2024-08-10 18:52:20,,,,,,,,,,,,5,3,4,1,2,3,25,15,21,17,30,16,,
2024-08-10 18:52:25,,,,,,,,,,,,5,3,4,1,2,3,25,15,21,17,30,16,,
2024-08-10 18:52:30,,,,,,,,,,,,5,3,4,1,2,3,25,15,21,17,30,16,,
2024-08-10 18:52:35,,,,,,,,,,,,5,3,4,1,2,3,25,15,21,17,30,16,,
2024-08-10 18:52:40,,,,,,,,,,,,5,3,4,1,2,3,25,15,21,17,30,16,,
2024-08-10 18:52:45,,,,,,,,,,,,5,3,4,1,2,3,25,15,21,17,30,16,,
2024-08-10 18:52:50,,,,,,,,,,,,5,3,4,1,2,3,25,15,21,17,30,16,,
2024-08-10 18:52:55,,,,,,,,,,,,5,3,4,1,2,3,25,15,21,17,30,16,,
2024-08-10 18:53:00,,,,,,,,,,,,5,3,4,1,2,3,25,15,21,17,30,16,,
2024-08-10 18:53:05,,,,,,,,,,,,5,3,4,1,2,3,25,15,21,17,30,16,,
2024-08-10 18:53:10,,,,,,,,,,,,5,3,4,1,2,3,25,15,21,17,30,16,,
2024-08-10 18:53:15,,,,,,,,,,,,5,3,4,1,2,3,25,15,21,17,30,16,,
2024-08-10 18:53:20,,,,,,,,,,,,5,3,4,1,2,3,25,15,21,17,30,16,,
2024-08-10 18:53:25,,,,,,,,,,,,5,3,4,1,2,3,25,15,21,17,30,16,,
2024-08-10 18:53:30,,,,,,,2,,4,,,5,3,4,1,2,3,25,15,21,17,30,16,,
2024-08-10 18:53:35,,,,,2,,2,,4,,,5,3,4,1,2,3,25,15,21,17,30,16,,
2024-08-10 18:53:40,,,,,2,,2,2,4,,,5,3,4,1,2,3,25,15,21,17,30,16,,
2024-08-10 18:53:45,,,,,2,,2,2,4,,,5,3,4,1,2,3,25,15,21,17,30,16,,
2024-08-10 18:53:50,,,,,2,,2,2,4,,,5,3,4,1,2,3,25,15,21,17,30,16,,
2024-08-10 18:53:55,,,,,2,,2,2,4,,,5,3,4,1,2,3,25,15,21,17,30,16,,
2024-08-10 18:54:00,,,,,2,,2,2,,,,5,3,4,1,2,3,25,15,21,17,30,16,,
2024-08-10 18:54:05,,,,,2,,2,2,,,,5,3,4,1,2,3,25,15,21,17,30,16,,
2024-08-10 18:54:10,,,,,2,,2,2,,,,5,3,4,1,2,3,25,15,21,17,30,16,,
2024-08-10 18:54:15,,,,,2,,2,2,,,,5,3,4,1,2,3,25,15,21,17,30,16,,
2024-08-10 18:54:20,,,,,2,,2,2,,,,7,3,4,1,2,3,25,15,21,17,30,16,,
2024-08-10 18:54:25,,,,,2,2,2,2,,,,7,3,4,2,2,3,25,15,21,19,30,16,,
2024-08-10 18:54:30,,,,,2,2,2,2,,,,7,3,4,2,2,3,25,15,21,19,30,16,,
2024-08-10 18:54:35,,,,,2,2,2,2,,4,,9,3,4,2,2,3,25,15,21,19,30,16,,
2024-08-10 18:54:40,,,,,2,2,2,2,,4,,9,3,4,5,2,3,25,15,21,20,30,16,,
2024-08-10 18:54:45,,,,,2,2,2,2,,4,,9,3,4,5,2,3,25,15,21,20,30,16,,
2024-08-10 18:54:50,,,,,2,2,2,2,,4,,15,3,4,5,2,3,29,15,21,20,30,16,,
2024-08-10 18:54:55,,,,,2,2,2,2,,4,,15,3,4,7,2,3,29,15,21,25,30,16,,
2024-08-10 18:55:00,,,,,2,2,2,2,,4,,15,3,4,7,2,3,29,15,21,25,30,16,,
2024-08-10 18:55:05,,,,,2,2,2,2,,4,,15,3,4,7,2,3,35,15,21,25,30,16,,
2024-08-10 18:55:10,,,,,2,2,2,2,,4,,15,3,4,7,2,3,35,15,21,25,30,16,,
2024-08-10 18:55:15,,,,,2,2,2,2,,4,,15,3,4,7,2,3,35,15,21,25,30,16,,
2024-08-10 18:55:20,,,,,2,2,2,2,,4,,15,3,4,7,2,3,38,15,21,25,30,16,,
2024-08-10 18:55:25,,,,,2,2,2,2,,4,,15,3,4,7,2,3,38,15,21,29,30,16,,
2024-08-10 18:55:30,,,,,2,2,2,2,,4,,15,3,4,7,2,3,38,15,21,29,30,16,,
2024-08-10 18:55:35,,,,,2,2,2,2,,4,,15,3,4,7,2,3,39,15,21,29,30,16,,
2024-08-10 18:55:40,,,,,2,2,2,2,,4,,15,3,4,7,2,3,39,15,21,30,30,16,,
2024-08-10 18:55:45,,,,,2,2,2,2,,4,,15,3,4,7,2,3,39,15,21,30,30,16,,
2024-08-10 18:55:50,,,,,2,2,2,2,,4,,15,3,4,7,2,3,39,15,21,30,30,16,,
2024-08-10 18:55:55,,,,,2,2,2,2,,4,,15,3,4,7,2,3,39,15,21,30,30,16,,
2024-08-10 18:56:00,,,,,2,2,2,2,,4,,15,3,4,7,2,3,39,15,21,30,30,16,,
2024-08-10 18:56:05,,,,,2,2,2,2,,4,,15,3,4,7,2,3,39,15,21,30,30,16,,
2024-08-10 18:56:10,,,,,2,2,2,2,,4,,15,3,4,7,2,3,39,15,21,30,30,16,,
2024-08-10 18:56:15,,,,,2,2,2,2,,4,,15,3,4,7,2,3,39,15,21,30,30,16,,
2024-08-10 18:56:20,,,,,2,2,2,2,,4,,15,3,4,7,2,3,39,15,21,30,30,16,,
2024-08-10 18:56:25,,,,,2,2,2,2,,4,,15,3,4,7,2,3,39,15,21,30,30,16,,
2024-08-10 18:56:30,,,,,2,2,2,2,,4,,15,3,4,7,2,3,39,15,21,30,30,16,,
2024-08-10 18:56:35,,,,,2,2,2,2,,4,,15,3,4,7,2,3,39,15,21,30,30,16,,
2024-08-10 18:56:40,,,,,2,2,2,2,,4,,15,3,4,7,2,3,39,15,21,30,30,16,,
2024-08-10 18:56:45,,,,,2,2,2,2,,4,,15,3,4,7,2,3,39,15,21,30,30,16,,
2024-08-10 18:56:50,,,,,2,2,2,2,,4,,15,3,4,7,2,3,39,15,21,30,30,16,,
2024-08-10 18:56:55,,,,,2,2,2,2,,4,,15,3,4,7,2,3,39,15,21,30,30,16,,
2024-08-10 18:57:00,,,,,2,2,2,2,,4,,15,3,4,7,2,3,39,15,21,30,30,16,,
2024-08-10 18:57:05,,,,,2,2,2,2,,4,,15,3,4,7,2,3,39,15,21,30,30,16,,
2024-08-10 18:57:10,,,,,2,2,2,2,,4,,15,3,4,7,2,3,39,15,21,30,30,16,,
2024-08-10 18:57:15,,,,,2,2,2,2,,4,,15,3,4,7,2,3,39,15,21,30,30,16,,
2024-08-10 18:57:20,,,,,2,2,2,2,,4,,15,3,4,7,2,3,39,15,21,30,30,16,,
2024-08-10 18:57:25,,,,,2,2,2,2,,4,,15,3,4,7,2,3,39,15,21,30,30,16,,
2024-08-10 18:57:30,,,,,2,2,2,2,,4,,15,3,4,7,2,3,39,15,21,30,30,16,,
2024-08-10 18:57:35,,,,,2,2,2,2,,4,,15,3,4,7,2,3,39,15,21,30,30,16,,
2024-08-10 18:57:40,,,,,2,2,2,2,,4,,15,3,4,7,2,3,39,15,21,30,30,16,,
2024-08-10 18:57:45,,,,,2,2,2,2,,4,,15,3,4,7,2,3,39,15,21,30,30,16,,
2024-08-10 18:57:50,,,,,2,2,2,2,,4,,15,3,4,7,2,3,39,15,21,30,30,16,,
2024-08-10 18:57:55,,,,,2,2,2,2,,4,,15,3,4,7,2,3,39,15,21,30,30,16,,
2024-08-10 18:58:00,,,,,2,2,2,2,,4,,15,3,4,7,2,3,39,15,21,30,30,16,,
2024-08-10 18:58:05,,,,,2,2,2,2,,4,,15,3,4,7,2,3,39,15,21,30,30,16,,
2024-08-10 18:58:10,,,,,2,2,2,2,,4,,15,3,4,7,2,3,39,15,21,30,30,16,,
2024-08-10 18:58:15,,,,,2,2,2,2,,4,,15,3,4,7,2,3,39,15,21,30,30,16,,
2024-08-10 18:58:20,,,,,2,2,2,2,,4,,15,3,4,7,2,3,39,15,21,30,30,16,,
2024-08-10 18:58:25,,,,,2,2,2,2,,4,,15,3,4,7,2,3,39,15,21,30,30,16,,
2024-08-10 18:58:30,,,,,2,2,2,2,,4,,15,3,4,7,2,3,39,15,21,30,30,16,,
2024-08-10 18:58:35,,,,,2,2,2,2,,4,,15,3,4,7,2,3,39,15,21,30,30,16,,
2024-08-10 18:58:40,,,,,2,2,2,2,,4,,15,3,4,7,2,3,39,15,21,30,30,16,,
2024-08-10 18:58:45,,,,,2,2,2,2,,4,,15,3,4,7,2,3,39,15,21,30,30,16,,
2024-08-10 18:58:50,,,,,2,2,2,2,,4,,15,3,4,7,2,3,39,15,21,30,30,16,,
2024-08-10 18:58:55,,,,,2,2,2,2,,4,,15,3,4,7,2,3,39,15,21,30,30,16,,
2024-08-10 18:59:00,,,,,2,2,2,2,,4,,15,3,4,7,2,3,39,15,21,30,30,16,,
2024-08-10 18:59:05,,,,,2,2,2,2,,4,,15,3,4,7,2,3,39,15,21,30,30,16,,
2024-08-10 18:59:10,,,,,2,2,2,2,,4,,15,3,4,7,2,3,39,15,21,30,30,16,,
2024-08-10 18:59:15,,,,,2,2,2,2,,4,,15,3,4,7,2,3,39,15,21,30,30,16,,
2024-08-10 18:59:20,,,,,2,2,2,2,,,,15,3,4,7,2,3,39,15,21,30,30,16,,
2024-08-10 18:59:25,,,,,2,2,2,2,,,,15,3,4,7,2,3,39,15,21,30,30,16,,
2024-08-10 18:59:30,,,,,2,2,2,2,,,,15,3,4,7,2,3,39,15,21,30,30,16,,
2024-08-10 18:59:35,,,,,2,2,2,2,,,,15,3,4,7,2,3,39,15,21,30,30,16,,
2024-08-10 18:59:40,,,,,2,2,2,2,,,,15,3,4,7,2,3,39,15,21,30,30,16,,
2024-08-10 18:59:45,,,,,2,2,2,2,,,,15,3,4,7,2,3,39,15,21,30,30,16,,
2024-08-10 18:59:50,,,,,2,2,2,2,,,,15,3,4,7,2,3,40,15,21,30,30,16,,
2024-08-10 18:59:55,,,,,2,2,2,2,,,,15,3,4,7,2,3,40,15,21,31,30,16,,
2024-08-10 19:00:00,,,,,2,2,2,2,,,,15,3,4,7,2,3,40,15,21,31,30,16,,
2024-08-10 19:00:05,,,,,2,2,2,2,,,,15,4,4,7,2,3,43,15,21,31,30,16,,
2024-08-10 19:00:10,,,,,2,2,2,2,,,,15,4,4,7,2,3,43,15,21,32,30,16,,
2024-08-10 19:00:15,,,,,2,2,2,2,,,,15,4,4,7,2,3,43,15,21,32,30,16,,
2024-08-10 19:00:20,,,,,2,2,2,2,,,,15,4,4,7,2,3,44,15,21,32,30,16,,
2024-08-10 19:00:25,,,,,2,2,2,2,,,,15,4,4,7,2,3,44,15,21,32,32,16,,
2024-08-10 19:00:30,,,,,2,2,2,2,,,,15,4,4,7,2,3,44,15,21,32,32,16,,
2024-08-10 19:00:35,,,,,2,2,2,2,,,,15,4,4,7,2,3,44,15,21,32,32,16,,
2024-08-10 19:00:40,,,,,2,2,2,2,,,,15,4,4,7,2,3,44,15,21,32,33,16,,
2024-08-10 19:00:45,,,,,2,2,2,2,,,,15,4,4,7,2,3,44,15,21,32,33,16,,
2024-08-10 19:00:50,,,,,2,2,2,2,,,,15,4,4,7,2,3,44,15,21,32,33,16,,
2024-08-10 19:00:55,,,,,2,2,2,2,,,,15,4,4,7,2,3,44,15,21,32,33,16,,
2024-08-10 19:01:00,,,,,2,2,2,2,,,,15,4,4,7,2,3,44,15,21,32,33,16,,
2024-08-10 19:01:05,,,,,2,2,2,2,,,,15,4,4,7,2,3,44,15,21,32,33,16,,
2024-08-10 19:01:10,,,,,2,2,2,2,,,,15,4,4,7,2,3,44,15,21,32,33,16,,
2024-08-10 19:01:15,,,,,2,2,2,2,,,,15,4,4,7,2,3,44,15,21,32,33,16,,
2024-08-10 19:01:20,,,,,2,2,2,2,,,,15,4,4,7,2,3,44,15,21,32,33,16,,
2024-08-10 19:01:25,,,,,2,2,2,2,,,,15,4,4,7,2,3,44,15,21,32,33,16,,
2024-08-10 19:01:30,,,,,2,2,2,2,,,,15,4,4,7,2,3,44,15,21,32,33,16,,
2024-08-10 19:01:35,,,,,2,2,2,2,,,,15,4,4,7,2,3,44,15,21,32,33,16,,
2024-08-10 19:01:40,,,,,2,2,2,2,,,,15,4,4,7,2,3,44,15,21,32,33,16,,
2024-08-10 19:01:45,,,,,2,2,2,2,,,,15,4,4,7,2,3,44,15,21,32,33,16,,
2024-08-10 19:01:50,,,,,2,2,2,2,,,,15,4,4,7,2,3,44,15,21,32,33,16,,
2024-08-10 19:01:55,,,,,2,2,2,2,,,,15,4,4,7,2,3,44,15,21,32,33,16,,
2024-08-10 19:02:00,,,,,2,2,2,2,,,,15,4,4,7,2,3,44,15,21,32,33,16,,
2024-08-10 19:02:05,,,,,2,2,2,2,,,,15,4,4,7,2,3,44,15,21,32,33,16,,
2024-08-10 19:02:10,,,,,2,2,2,2,,,,15,4,4,7,2,3,44,15,21,32,33,16,,
2024-08-10 19:02:15,,,,,2,2,2,2,,,,15,4,4,7,2,3,44,15,21,32,33,16,,
2024-08-10 19:02:20,,,,,2,2,2,2,,,,15,4,4,7,2,3,44,15,21,32,33,16,,
2024-08-10 19:02:25,,,,,2,2,2,2,,,,15,4,4,7,2,3,44,15,21,32,34,16,,
2024-08-10 19:02:30,,,,,2,2,2,2,,,,15,4,4,7,2,3,44,15,21,32,34,16,,
2024-08-10 19:02:35,,,,,2,2,2,2,,,,15,4,4,7,2,3,44,15,21,32,34,16,,
2024-08-10 19:02:40,,,,,2,2,2,2,,,,15,4,4,7,2,3,44,15,21,32,34,16,,
2024-08-10 19:02:45,,,,,2,2,2,2,,,,15,4,4,7,2,3,44,15,21,32,34,16,,
2024-08-10 19:02:50,,,,,,2,2,2,,,,15,4,4,7,2,3,44,15,21,32,34,16,,
2024-08-10 19:02:55,,,,,,2,2,2,,,,15,4,4,8,2,3,44,15,21,32,34,16,,
2024-08-10 19:03:00,,,,,,2,2,2,,,,15,4,4,8,2,3,44,15,21,32,34,16,,
2024-08-10 19:03:05,,,,,,2,2,2,,,,15,4,4,8,2,3,44,15,21,32,34,16,,
2024-08-10 19:03:10,,,,,,2,2,2,,,,15,4,4,9,2,3,44,15,21,34,34,16,,
2024-08-10 19:03:15,,,,,,2,2,2,,,,15,4,4,9,2,3,44,15,21,34,34,16,,
2024-08-10 19:03:20,,,,,,2,2,2,,,,15,4,4,9,2,3,45,15,21,34,34,16,,
2024-08-10 19:03:25,,,,,,2,2,2,,,,15,4,4,9,2,3,45,15,21,37,34,16,,
2024-08-10 19:03:30,,,,,,2,2,2,,,,15,4,4,9,2,3,45,15,21,37,34,16,,
2024-08-10 19:03:35,,,,,,2,2,2,,,,15,4,4,9,2,3,47,15,21,37,34,16,,
2024-08-10 19:03:40,,,,,,2,2,2,,,,15,4,4,9,2,3,47,15,21,40,34,16,,
2024-08-10 19:03:45,,,,,,2,2,2,,,,15,4,4,9,2,3,47,15,21,40,34,16,,
2024-08-10 19:03:50,,,,,,2,2,2,,,,15,4,4,9,2,3,48,15,21,40,34,16,,
2024-08-10 19:03:55,,,,,,2,2,2,,,,15,4,4,9,2,3,48,15,21,40,34,16,,
2024-08-10 19:04:00,,,,,,2,2,2,,,,15,4,4,9,2,3,48,15,21,40,34,16,,
2024-08-10 19:04:05,,,,,,2,2,2,,,,15,4,4,9,2,3,48,15,21,40,34,16,,
2024-08-10 19:04:10,,,,,,2,2,2,,,,15,4,4,9,2,3,48,15,21,40,34,16,,
2024-08-10 19:04:15,,,,,,2,2,2,,,,15,4,4,9,2,3,48,15,21,40,34,16,,
2024-08-10 19:04:20,,,,,,2,2,2,,,,15,4,4,9,2,3,48,15,21,40,34,16,,
2024-08-10 19:04:25,,,,,,2,2,2,,,,15,4,4,9,2,3,48,15,21,40,34,16,,
2024-08-10 19:04:30,,,,,,2,2,2,,,,15,4,4,9,2,3,48,15,21,40,34,16,,
2024-08-10 19:04:35,,,,,,2,2,2,,,,15,4,4,9,2,3,48,15,21,40,34,16,,
2024-08-10 19:04:40,,,,,,2,2,2,,,,15,4,4,9,2,3,48,15,21,40,34,16,,
2024-08-10 19:04:45,,,,,,2,2,2,,,,15,4,4,9,2,3,48,15,21,40,34,16,,
2024-08-10 19:04:50,,,,,,2,2,2,,,,15,4,4,9,2,3,48,15,21,40,34,16,,
2024-08-10 19:04:55,4,,,,,2,2,2,,,,15,4,4,9,2,3,48,15,21,40,34,16,,
2024-08-10 19:05:00,4,6,,,,2,2,2,,,,15,4,4,9,2,3,48,15,21,40,34,16,,
2024-08-10 19:05:05,4,6,,,,2,2,2,,,,15,4,4,9,2,3,48,15,21,40,34,16,,
2024-08-10 19:05:10,4,6,6,,,2,2,2,,,,15,4,4,9,2,3,48,15,21,40,34,16,,
2024-08-10 19:05:15,4,6,6,,,2,2,2,,,,15,4,4,9,2,3,48,15,21,40,34,16,,
2024-08-10 19:05:20,4,6,6,,,2,2,2,,,,15,4,4,9,2,3,48,15,21,40,34,16,,
2024-08-10 19:05:25,4,6,6,,,2,2,2,,,,15,4,4,9,2,3,48,15,21,40,34,16,,
2024-08-10 19:05:30,4,6,6,,,2,2,2,,,,15,4,4,9,2,3,48,15,21,40,34,16,,
2024-08-10 19:05:35,4,6,6,,,2,2,2,,,,15,5,4,9,2,3,48,15,21,40,34,16,,
2024-08-10 19:05:40,4,6,6,,,2,2,2,,,,15,5,4,9,2,3,48,15,21,40,34,16,,
2024-08-10 19:05:45,4,6,6,,,2,2,2,,,,15,5,4,9,2,3,48,15,21,40,34,16,,
2024-08-10 19:05:50,4,6,6,,,2,2,2,,,,15,5,4,9,2,3,48,15,21,40,34,16,,
2024-08-10 19:05:55,4,6,6,,,2,2,2,,,,15,5,4,9,2,3,48,15,21,40,34,16,,
2024-08-10 19:06:00,4,6,6,,,2,2,2,,,,15,5,4,9,2,3,48,15,21,40,34,16,,
2024-08-10 19:06:05,4,6,6,,,2,2,2,,,,15,5,4,9,2,3,48,15,21,40,34,16,,
2024-08-10 19:06:10,4,6,6,,,2,2,2,,,,15,5,4,9,2,3,48,15,21,40,34,16,,
2024-08-10 19:06:15,4,6,6,,,2,2,2,,,,15,5,4,9,2,3,48,15,21,40,34,16,,
2024-08-10 19:06:20,4,6,6,,,2,2,2,,,,15,5,4,9,2,3,48,15,21,40,34,16,,
2024-08-10 19:06:25,4,6,6,,,2,2,2,,,,15,5,4,9,2,3,48,15,21,40,34,16,,
2024-08-10 19:06:30,4,6,6,2,,2,2,2,,,,15,5,4,9,2,3,48,15,21,40,34,16,,
2024-08-10 19:06:35,4,6,6,2,,2,2,2,,,,15,5,4,9,2,3,48,15,21,40,34,16,2,2
2024-08-10 19:06:40,4,6,6,2,,2,2,2,,,1,15,5,4,9,2,3,48,15,21,40,34,16,2,2
2024-08-10 19:06:45,4,6,6,2,,2,2,2,,,1,15,5,4,9,2,3,48,15,21,40,34,16,2,2
2024-08-10 19:06:50,4,6,6,2,,2,2,2,,,1,15,5,4,9,2,3,48,15,21,40,34,16,2,2
2024-08-10 19:06:55,4,6,6,2,,2,2,2,,,1,15,5,4,9,2,3,48,15,21,40,34,16,2,2
2024-08-10 19:07:00,4,6,6,2,,2,2,2,,,1,15,5,4,9,2,3,48,15,21,40,34,16,2,2
2024-08-10 19:07:05,4,6,6,2,,2,2,2,,,1,15,5,4,9,2,3,48,15,21,40,34,16,2,2
2024-08-10 19:07:10,4,6,6,2,,2,2,2,,,1,15,5,4,9,2,3,48,15,21,40,34,16,2,2
2024-08-10 19:07:15,4,6,6,2,,2,2,2,,,1,15,5,4,9,2,3,48,15,21,40,34,16,2,2
2024-08-10 19:07:20,4,6,6,2,,2,2,2,,,1,15,5,4,9,2,3,48,15,21,40,34,16,2,2
2024-08-10 19:07:25,4,6,6,2,,2,2,2,,,1,15,5,4,9,2,3,48,15,21,40,34,16,2,2
2024-08-10 19:07:30,4,6,6,2,,2,2,2,,,1,15,5,4,9,2,3,48,15,21,40,34,16,2,2
2024-08-10 19:07:35,4,6,6,2,,2,2,2,,,1,15,5,4,9,2,3,48,15,21,40,34,16,2,2
2024-08-10 19:07:40,4,6,6,2,,2,2,2,,,1,15,5,4,9,2,3,48,15,21,40,34,16,2,2
2024-08-10 19:07:45,4,6,6,2,,2,2,2,,,1,15,5,4,9,2,3,48,15,21,40,34,16,2,2
2024-08-10 19:07:50,4,6,6,2,,2,2,2,,,1,15,5,4,9,2,3,48,15,21,40,34,16,2,2
2024-08-10 19:07:55,4,6,6,2,,2,2,2,,,1,15,5,4,9,2,3,48,15,21,40,34,16,2,2
2024-08-10 19:08:00,4,6,6,2,,2,2,2,,,1,15,5,4,9,2,3,48,15,21,40,34,16,2,2
2024-08-10 19:08:05,4,6,6,2,,2,2,2,,,1,15,5,4,9,2,3,48,15,21,40,34,16,2,2
2024-08-10 19:08:10,4,6,6,2,,2,2,2,,,1,15,5,4,9,2,3,48,15,21,40,34,16,2,2
2024-08-10 19:08:15,4,6,6,2,,2,2,2,,,1,15,5,4,9,2,3,48,15,21,40,34,16,2,2
2024-08-10 19:08:20,4,6,6,2,,2,2,2,,,1,15,5,4,9,2,3,48,15,21,40,34,16,2,2
2024-08-10 19:08:25,4,6,6,2,,2,2,2,,,1,15,5,4,9,2,3,48,15,21,40,34,16,2,2
2024-08-10 19:08:30,4,6,6,2,,2,2,2,,,1,15,5,4,9,2,3,48,15,21,40,34,16,2,2
2024-08-10 19:08:35,4,6,6,2,,2,2,2,,,1,15,5,4,9,2,3,48,15,21,40,34,16,2,2
2024-08-10 19:08:40,4,6,6,2,,2,2,2,,,1,15,5,4,9,2,3,48,15,21,40,34,16,2,2
2024-08-10 19:08:45,4,6,6,2,,2,2,2,,,1,15,5,4,9,2,3,48,15,21,40,34,16,2,2
2024-08-10 19:08:50,4,6,6,2,,2,2,2,,,1,15,5,4,9,2,3,48,15,21,40,34,16,2,2